Word,Count
the,6764
a,5359
be,3685
form,3016
in,2987
to,2233
{@link,2197
*,2101
,1964
value,1842
<p>This,1842
or,1839
(in,1492
is,1483
attribute,1438
theme,1438
reference,1438
<p>Must,1406
can,1206
found,1130
of,1116
@see,1098
offset,1096
where,1096
symbol,1096
@attr,1096
attribute's,1096
name,1096
<tr><td><code>{@link,1096
array,1096
<colgroup,816
\align="\left"\\,816
/>,816
\value,\,806
resource,780
this,750
containing,747
may,747
\"\<code>?[<i>package</i>:][<i>type</i>:]<i>name</i></code>"\)\,746
\"\<code>@[<i>package</i>:]<i>type</i>:<i>name</i></code>"\)\,746
type,746
also,746
another,692
\"\<code>?[<i>package</i>:][<i>type</i>:]<i>name</i></code>"\\,692
\resource,\,692
\"\<code>@[+][<i>package</i>:]<i>type</i>:<i>name</i></code>"\\,692
as,535
such,534
with,497
point,424
floating,424
which,389
number,388
appended,386
on,368
unit,363
Available,362
px,362
(millimeters),362
sp,362
\(inches),\,362
(density-independent,362
are:,362
dimension,362
dp,362
preferred,362
\(pixels),\,362
\size),\,362
font,362
\pixels),\,362
pixels,362
(scaled,362
units,362
mm,362
\"\<code>14.5sp</code>"\\,362
based,362
following,308
</table>,308
<table>,308
<p>May,292
#AppCompatTheme},230
one,201
values.</p>,200
<tr><th>Constant</th><th>Value</th><th>Description</th></tr>,200
constant,200
either,156
\"\<code>#<i>aarrggbb</i></code>"\\,140
\"\<code>#<i>rgb</i></code>"\,\,140
\"\<code>#<i>rrggbb</i></code>"\,\,140
color,140
\"\<code>#<i>argb</i></code>"\,\,140
boolean,135
\"\<code>true</code>"\\,132
\"\<code>false</code>"\\,132
#ConstraintSet},128
that,114
by,112
used,110
Attributes,110
attributes:</p>,108
<tr><th>Attribute</th><th>Description</th></tr>,108
<p>Includes,108
#ConstraintLayout_Layout},98
<tr><td><code>parent</code></td><td>0</td><td></td></tr>,78
for,68
using,64
'\\;',64
characters,64
character,64
unicode,64
'\\n',64
string,64
escape,64
'\\uxxxx',64
#ActionBar},58
#Toolbar},58
suffix,48
%,48
an,47
\"\<code>100</code>"\\,46
integer,46
it,41
more,40
'|'),40
from,40
(separated,40
not,38
\"\<code>1.2</code>"\\,38
NOT,37
DO,37
generated,37
MODIFY,37
was,35
automatically,35
This,34
#MenuItem},34
class,34
modified,34
data,34
should,34
AUTO-GENERATED,34
It,34
hand,34
#SearchView},34
FILE,34
#CollapsingToolbarLayout},32
#TabLayout},32
#TextInputLayout},32
plugin,31
gradle,31
#SwitchCompat},28
The,28
<tr><td><code>src_over</code></td><td>3</td><td></td></tr>,26
<tr><td><code>multiply</code></td><td>14</td><td></td></tr>,26
<tr><td><code>screen</code></td><td>15</td><td></td></tr>,26
<tr><td><code>src_in</code></td><td>5</td><td></td></tr>,26
<tr><td><code>src_atop</code></td><td>9</td><td></td></tr>,26
parent,25
size;,24
%p,24
\"\<code>14.5%</code>"\\,24
<tr><td><code>top</code></td><td>0x30</td><td></td></tr>,24
always,24
size,24
container,24
\%p,\,24
optional,24
percentage,24
relative,24
<tr><td><code>bottom</code></td><td>0x50</td><td></td></tr>,24
means,24
base,24
provides,24
<tr><td><code>spread</code></td><td>0</td><td></td></tr>,24
some,24
fractional,24
<tr><td><code>end</code></td><td>0x00800005</td><td></td></tr>,20
#NavigationView},20
<tr><td><code>left</code></td><td>0x03</td><td></td></tr>,20
<tr><td><code>start</code></td><td>0x00800003</td><td></td></tr>,20
#MenuView},18
#TextAppearance},18
#LinearLayoutCompat},18
#FloatingActionButton},16
#DrawerArrowToggle},16
#AppCompatTextHelper},14
#CoordinatorLayout_Layout},14
<tr><td><code>wrap</code></td><td>1</td><td></td></tr>,12
<tr><td><code>add</code></td><td>16</td><td></td></tr>,12
#MenuGroup},12
<tr><td><code>fill_vertical</code></td><td>0x70</td><td></td></tr>,12
#AlertDialog},12
<tr><td><code>none</code></td><td>0</td><td></td></tr>,12
<tr><td><code>center</code></td><td>0x11</td><td></td></tr>,12
<tr><td><code>right</code></td><td>0x05</td><td></td></tr>,12
<tr><td><code>spread_inside</code></td><td>1</td><td></td></tr>,12
#RecyclerView},12
<tr><td><code>center_vertical</code></td><td>0x10</td><td></td></tr>,12
{,12
<tr><td><code>packed</code></td><td>2</td><td></td></tr>,12
<tr><td><code>center_horizontal</code></td><td>0x01</td><td></td></tr>,12
#ActionMode},12
com.dsespace.rvwg:elevation}</code></td><td></td></tr>,10
com.dsespace.rvwg:elevation,10
#View},10
android:orientation}</code></td><td></td></tr>,10
com.dsespace.rvwg.R.attr#elevation},10
android.R.attr#orientation},10
#Spinner},10
android:orientation,10
webview,9
},9
#LinearLayoutCompat_Layout},8
android.R.attr#maxWidth},8
<tr><td><code>right</code></td><td>0x03</td><td></td></tr>,8
android.R.attr#id},8
make,8
#AppCompatSeekBar},8
<tr><td><code>auto</code></td><td>-1</td><td></td></tr>,8
<tr><td><code>none</code></td><td>0x0</td><td></td></tr>,8
android:id}</code></td><td></td></tr>,8
android:maxWidth,8
possible,8
android:maxWidth}</code></td><td></td></tr>,8
<tr><td><code>normal</code></td><td>0</td><td></td></tr>,8
android:id,8
fragment,7
will,7
return,7
com.dsespace.rvwg:title,6
#DesignTheme},6
android:background}</code></td><td></td></tr>,6
if,6
com.dsespace.rvwg:popupTheme,6
#ForegroundLinearLayout},6
android:background,6
#ColorStateListItem},6
#BottomSheetBehavior_Layout},6
android:layout_gravity}</code></td><td></td></tr>,6
android.R.attr#layout_gravity},6
com.dsespace.rvwg:popupTheme}</code></td><td></td></tr>,6
com.dsespace.rvwg.R.attr#popupTheme},6
android.R.attr#background},6
android:layout,6
#CompoundButton},6
#AppBarLayout},6
android:layout}</code></td><td></td></tr>,6
WebView.setWebViewClient(new,6
android:layout_gravity,6
WebView,6
#ViewBackgroundHelper},6
com.dsespace.rvwg.R.attr#title},6
com.dsespace.rvwg:title}</code></td><td></td></tr>,6
#TabItem},6
android.R.attr#layout},6
#PopupWindow},6
#SnackbarLayout},6
#ViewStubCompat},6
prevent,5
com.dsespace.rvwg.R.attr#layout_constraintTop_creator},4
com.dsespace.rvwg:layout_constraintRight_creator,4
#AppCompatTheme_dropdownListPreferredItemHeight,4
#AppCompatTheme_editTextBackground,4
<tr><td><code>disableHome</code></td><td>0x20</td><td></td></tr>,4
#RecyclerView_spanCount,4
#AlertDialog_listLayout,4
#ConstraintSet_layout_constraintGuide_percent,4
com.dsespace.rvwg.R.attr#layout_goneMarginBottom},4
#AppCompatTheme_ratingBarStyle,4
com.dsespace.rvwg.R.attr#layout_editor_absoluteX},4
#CoordinatorLayout_Layout_android_layout_gravity,4
#MenuItem_actionLayout,4
#ConstraintLayout_Layout_layout_editor_absoluteY,4
<tr><td><code>showCustom</code></td><td>0x10</td><td></td></tr>,4
#AppCompatTheme_actionBarPopupTheme,4
#AppCompatTheme_textAppearanceListItem,4
com.dsespace.rvwg:height}</code></td><td></td></tr>,4
#SwitchCompat_switchMinWidth,4
#LinearLayoutCompat_android_weightSum,4
#ViewBackgroundHelper_android_background,4
#LinearLayoutCompat_showDividers,4
#ViewStubCompat_android_inflatedId,4
<tr><td><code>parallax</code></td><td>2</td><td></td></tr>,4
#DesignTheme_bottomSheetDialogTheme,4
com.dsespace.rvwg:layout_constraintEnd_toEndOf,4
#SearchView_iconifiedByDefault,4
#ListPopupWindow_android_dropDownHorizontalOffset,4
#PopupWindow_android_popupAnimationStyle,4
com.dsespace.rvwg:layout_constraintBottom_creator,4
#ConstraintLayout_Layout_android_orientation,4
#View_theme,4
#View_android_focusable,4
#AppCompatTheme_actionModeCutDrawable,4
com.dsespace.rvwg:layout_constraintTop_toBottomOf}</code></td><td></td></tr>,4
com.dsespace.rvwg:layout_constraintHorizontal_bias,4
#View_paddingStart,4
com.dsespace.rvwg.R.attr#layout_constraintRight_toLeftOf},4
#AppCompatTheme_dropDownListViewStyle,4
#ConstraintSet_layout_constraintTop_toTopOf,4
#ConstraintSet_android_elevation,4
<tr><td><code>tabMode</code></td><td>2</td><td></td></tr>,4
#SearchView_layout,4
com.dsespace.rvwg.R.attr#layout_goneMarginTop},4
#ActionBar_progressBarStyle,4
#AppCompatTheme_actionModePopupWindowStyle,4
<tr><td><code>enterAlways</code></td><td>0x4</td><td></td></tr>,4
#ConstraintSet_android_layout_marginStart,4
com.dsespace.rvwg.R.attr#contentInsetEndWithActions},4
com.dsespace.rvwg:layout_editor_absoluteY}</code></td><td></td></tr>,4
#ConstraintSet_android_layout_marginLeft,4
#ActionBar_background,4
#TextInputLayout_passwordToggleTintMode,4
<tr><td><code>exitUntilCollapsed</code></td><td>0x2</td><td></td></tr>,4
#TextInputLayout_errorEnabled,4
com.dsespace.rvwg:layout_constraintLeft_toRightOf,4
#AppBarLayout_elevation,4
com.dsespace.rvwg:layout_goneMarginTop,4
com.dsespace.rvwg:layout_goneMarginBottom,4
#LinearLayoutCompat_android_gravity,4
com.dsespace.rvwg:logo,4
#MenuItem_android_checkable,4
#ConstraintSet_layout_constraintRight_toRightOf,4
#BottomSheetBehavior_Layout_behavior_skipCollapsed,4
com.dsespace.rvwg:layout_constraintLeft_toLeftOf,4
#NavigationView_itemIconTint,4
#ConstraintSet_layout_constraintBottom_toTopOf,4
#Spinner_android_popupBackground,4
#SwitchCompat_switchTextAppearance,4
#AppBarLayout_Layout_layout_scrollInterpolator,4
com.dsespace.rvwg:layout_constraintTop_creator,4
#DrawerArrowToggle_arrowHeadLength,4
#CollapsingToolbarLayout_Layout_layout_collapseParallaxMultiplier,4
#AppCompatTheme_windowActionModeOverlay,4
#SwitchCompat_trackTint,4
run,4
#ButtonBarLayout_allowStacking,4
#AppCompatTheme_listPreferredItemHeightSmall,4
#MenuGroup_android_menuCategory,4
#DrawerArrowToggle_spinBars,4
#ConstraintLayout_Layout_android_minHeight,4
#AppCompatTheme_autoCompleteTextViewStyle,4
#AppCompatTheme_alertDialogButtonGroupStyle,4
#AppCompatTheme_alertDialogStyle,4
com.dsespace.rvwg.R.attr#layout_constraintStart_toStartOf},4
#AppCompatTheme_imageButtonStyle,4
android:gravity,4
#AppCompatTheme_colorControlHighlight,4
android.R.attr#textAppearance},4
#ConstraintSet_android_scaleX,4
#ActionMode_subtitleTextStyle,4
#RecyclerView_stackFromEnd,4
com.dsespace.rvwg:layout_goneMarginStart}</code></td><td></td></tr>,4
#AppCompatTheme_ratingBarStyleSmall,4
#CoordinatorLayout_Layout_layout_dodgeInsetEdges,4
#FloatingActionButton_backgroundTintMode,4
com.dsespace.rvwg:subtitleTextStyle}</code></td><td></td></tr>,4
com.dsespace.rvwg:divider}</code></td><td></td></tr>,4
#MenuItem_showAsAction,4
#AppCompatTheme_listMenuViewStyle,4
#SwitchCompat_splitTrack,4
android:menuCategory}</code></td><td></td></tr>,4
#ConstraintSet_layout_constraintHeight_min,4
#SearchView_defaultQueryHint,4
com.dsespace.rvwg:layout_constraintWidth_max,4
#MenuGroup_android_visible,4
android.R.attr#layout_width},4
#ConstraintLayout_Layout_android_maxHeight,4
#LinearLayoutCompat_Layout_android_layout_weight,4
#ConstraintSet_layout_constraintGuide_begin,4
#AppCompatTheme_actionBarTabTextStyle,4
#CoordinatorLayout_statusBarBackground,4
android.R.attr#layout_height},4
#ColorStateListItem_android_alpha,4
#SearchView_closeIcon,4
com.dsespace.rvwg:layout_constraintEnd_toEndOf}</code></td><td></td></tr>,4
#ConstraintLayout_Layout_layout_constraintLeft_toLeftOf,4
#AppCompatTheme_searchViewStyle,4
com.dsespace.rvwg.R.attr#layout_constraintLeft_toRightOf},4
#TabLayout_tabPaddingStart,4
#SwitchCompat_switchPadding,4
com.dsespace.rvwg:layout_constraintHeight_max,4
#AppCompatTheme_actionBarSplitStyle,4
#Toolbar_titleMarginEnd,4
#ForegroundLinearLayout_android_foregroundGravity,4
#ActionBar_titleTextStyle,4
#ColorStateListItem_alpha,4
#TextInputLayout_counterTextAppearance,4
#ActionBar_homeLayout,4
#ConstraintSet_android_transformPivotX,4
#ActionBar_backgroundSplit,4
#RecyclerView_layoutManager,4
com.dsespace.rvwg:contentInsetLeft}</code></td><td></td></tr>,4
#AppCompatTheme_actionBarStyle,4
#AppCompatSeekBar_tickMarkTintMode,4
#TextAppearance_android_textStyle,4
#ConstraintLayout_Layout_layout_constraintDimensionRatio,4
<tr><td><code>scroll</code></td><td>0x1</td><td></td></tr>,4
com.dsespace.rvwg.R.attr#layout_goneMarginLeft},4
#SwitchCompat_android_thumb,4
#Toolbar_titleMarginBottom,4
com.dsespace.rvwg:layout_constraintGuide_begin}</code></td><td></td></tr>,4
com.dsespace.rvwg:layout_constraintHorizontal_weight,4
com.dsespace.rvwg:layout_constraintVertical_chainStyle,4
#ScrollingViewBehavior_Layout_behavior_overlapTop,4
#MenuView_subMenuArrow,4
#DrawerArrowToggle_color,4
#ActionBar_contentInsetRight,4
#CollapsingToolbarLayout_collapsedTitleTextAppearance,4
#ConstraintSet_layout_constraintRight_toLeftOf,4
com.dsespace.rvwg.R.attr#height},4
#ActionBarLayout_android_layout_gravity,4
#AppCompatTheme_textColorSearchUrl,4
#AppCompatTheme_colorControlActivated,4
#AppCompatImageView_srcCompat,4
#ConstraintSet_layout_constraintHeight_default,4
com.dsespace.rvwg.R.attr#layout_constraintDimensionRatio},4
android:orderInCategory}</code></td><td></td></tr>,4
#ActionBar_height,4
android:thumb,4
#AppCompatSeekBar_android_thumb,4
#AppCompatTextHelper_android_drawableStart,4
com.dsespace.rvwg:layout_constraintHorizontal_chainStyle}</code></td><td></td></tr>,4
com.dsespace.rvwg:layout_goneMarginBottom}</code></td><td></td></tr>,4
com.dsespace.rvwg:textAllCaps}</code></td><td></td></tr>,4
#ConstraintSet_layout_constraintHeight_max,4
#ConstraintLayout_Layout_layout_editor_absoluteX,4
#ConstraintLayout_Layout_layout_constraintRight_toLeftOf,4
#ConstraintSet_android_layout_marginRight,4
#ConstraintLayout_Layout_layout_constraintStart_toStartOf,4
com.dsespace.rvwg:contentInsetRight}</code></td><td></td></tr>,4
android:focusable}</code></td><td></td></tr>,4
#ConstraintSet_android_layout_marginTop,4
#FloatingActionButton_useCompatPadding,4
#CollapsingToolbarLayout_expandedTitleTextAppearance,4
android.R.attr#gravity},4
#MenuItem_android_checked,4
#LinearLayoutCompat_Layout_android_layout_width,4
WebViewClient());,4
#ConstraintSet_android_id,4
#ConstraintLayout_Layout_layout_constraintBaseline_creator,4
#ForegroundLinearLayout_android_foreground,4
#SearchView_commitIcon,4
#SearchView_android_focusable,4
#AppCompatTheme_borderlessButtonStyle,4
com.dsespace.rvwg.R.attr#layout_constraintRight_toRightOf},4
#AppCompatTextHelper_android_drawableTop,4
#ConstraintSet_layout_constraintEnd_toEndOf,4
com.dsespace.rvwg.R.attr#backgroundTintMode},4
com.dsespace.rvwg.R.attr#backgroundSplit},4
#FloatingActionButton_fabSize,4
#CollapsingToolbarLayout_contentScrim,4
com.dsespace.rvwg.R.attr#layout_constraintHeight_min},4
#ConstraintSet_layout_editor_absoluteY,4
#MenuView_preserveIconSpacing,4
#ConstraintSet_layout_constraintVertical_bias,4
#AppCompatTheme_seekBarStyle,4
#ViewStubCompat_android_id,4
com.dsespace.rvwg:layout_constraintVertical_bias,4
#ConstraintSet_layout_constraintRight_creator,4
com.dsespace.rvwg.R.attr#contentInsetStartWithNavigation},4
#ConstraintSet_layout_constraintHorizontal_chainStyle,4
com.dsespace.rvwg:contentInsetEndWithActions,4
#ActionMode_backgroundSplit,4
#AppCompatTheme_windowActionBar,4
com.dsespace.rvwg.R.attr#layout_constraintHorizontal_bias},4
#ConstraintSet_layout_goneMarginLeft,4
#TabLayout_tabMode,4
#CollapsingToolbarLayout_title,4
#DrawerArrowToggle_gapBetweenBars,4
#SearchView_queryBackground,4
#AppCompatTheme_actionModeCloseDrawable,4
#ConstraintLayout_Layout_layout_constraintStart_toEndOf,4
#ActionBar_contentInsetLeft,4
#TextInputLayout_android_textColorHint,4
android.R.attr#icon},4
#TextAppearance_android_textSize,4
com.dsespace.rvwg:backgroundSplit,4
#NavigationView_android_fitsSystemWindows,4
#ActionBar_contentInsetEndWithActions,4
#ConstraintSet_layout_goneMarginRight,4
android:textAppearance,4
android.R.attr#alpha},4
#NavigationView_menu,4
com.dsespace.rvwg:layout_constraintStart_toStartOf}</code></td><td></td></tr>,4
com.dsespace.rvwg:contentInsetStart}</code></td><td></td></tr>,4
#AppCompatTheme_actionOverflowMenuStyle,4
#AppCompatTheme_alertDialogTheme,4
#TextInputLayout_counterEnabled,4
#Toolbar_popupTheme,4
com.dsespace.rvwg:layout_constraintBottom_toBottomOf,4
<tr><td><code>mini</code></td><td>1</td><td></td></tr>,4
#AppCompatTheme_buttonBarNeutralButtonStyle,4
#ActionBar_progressBarPadding,4
com.dsespace.rvwg:layout_constraintHeight_min,4
#ConstraintLayout_Layout_layout_constraintWidth_default,4
#ActionBar_popupTheme,4
com.dsespace.rvwg.R.attr#layout_constraintLeft_creator},4
#ConstraintSet_android_rotationX,4
#AppCompatTheme_checkboxStyle,4
#TextAppearance_textAllCaps,4
#TabLayout_tabSelectedTextColor,4
#AppCompatTheme_panelMenuListTheme,4
android:layout_height}</code></td><td></td></tr>,4
#AppCompatTheme_actionOverflowButtonStyle,4
#Toolbar_subtitle,4
#ActionBar_contentInsetStartWithNavigation,4
#AppCompatSeekBar_tickMark,4
<tr><td><code>listMode</code></td><td>1</td><td></td></tr>,4
com.dsespace.rvwg.R.attr#logo},4
android.R.attr#windowAnimationStyle},4
#CollapsingToolbarLayout_expandedTitleMarginTop,4
#ConstraintLayout_Layout_layout_constraintTop_toBottomOf,4
com.dsespace.rvwg:layout_goneMarginTop}</code></td><td></td></tr>,4
#ConstraintSet_android_layout_marginEnd,4
#ConstraintSet_layout_constraintVertical_weight,4
#ConstraintLayout_Layout_layout_constraintHeight_min,4
#ActionMode_height,4
<tr><td><code>pin</code></td><td>1</td><td></td></tr>,4
#AppCompatTheme_textAppearanceLargePopupMenu,4
#AlertDialog_multiChoiceItemLayout,4
#TabItem_android_icon,4
com.dsespace.rvwg:contentInsetLeft,4
#Toolbar_subtitleTextColor,4
#AppCompatTheme_actionBarTabBarStyle,4
#AppCompatTheme_alertDialogCenterButtons,4
com.dsespace.rvwg:layout_constraintLeft_creator,4
com.dsespace.rvwg:layout_constraintWidth_min,4
#AppCompatTheme_actionBarSize,4
com.dsespace.rvwg:layout_constraintWidth_min}</code></td><td></td></tr>,4
#AppCompatTheme_actionDropDownStyle,4
com.dsespace.rvwg.R.attr#layout_constraintBaseline_toBaselineOf},4
com.dsespace.rvwg:layout_constraintHeight_default}</code></td><td></td></tr>,4
com.dsespace.rvwg:layout_constraintEnd_toStartOf,4
#DrawerArrowToggle_arrowShaftLength,4
#TextInputLayout_passwordToggleEnabled,4
#CollapsingToolbarLayout_Layout_layout_collapseMode,4
#CollapsingToolbarLayout_statusBarScrim,4
<tr><td><code>clip_vertical</code></td><td>0x80</td><td></td></tr>,4
#ConstraintLayout_Layout_layout_constraintTop_toTopOf,4
#NavigationView_itemTextColor,4
android:minWidth,4
#ScrimInsetsFrameLayout_insetForeground,4
#AppCompatTheme_actionModeWebSearchDrawable,4
#ConstraintLayout_Layout_layout_constraintBottom_toTopOf,4
#ConstraintLayout_Layout_layout_constraintVertical_chainStyle,4
<tr><td><code>fill</code></td><td>0</td><td></td></tr>,4
#ConstraintSet_layout_constraintHorizontal_weight,4
com.dsespace.rvwg:layout_constraintVertical_chainStyle}</code></td><td></td></tr>,4
com.dsespace.rvwg:layout_constraintRight_creator}</code></td><td></td></tr>,4
#LinearLayoutCompat_android_orientation,4
#MenuView_android_windowAnimationStyle,4
com.dsespace.rvwg.R.attr#background},4
#TabLayout_tabTextAppearance,4
#ActionBar_displayOptions,4
#TabItem_android_layout,4
com.dsespace.rvwg.R.attr#layout_goneMarginEnd},4
com.dsespace.rvwg.R.attr#layout_constraintWidth_max},4
com.dsespace.rvwg.R.attr#layout_constraintVertical_bias},4
#ConstraintSet_android_layout_height,4
android:alpha}</code></td><td></td></tr>,4
#AppCompatTheme_android_windowAnimationStyle,4
#ConstraintSet_layout_constraintWidth_max,4
#ActionMode_closeItemLayout,4
#ActionBar_contentInsetStart,4
#AppCompatTheme_controlBackground,4
com.dsespace.rvwg:layout_constraintRight_toRightOf}</code></td><td></td></tr>,4
#NavigationView_headerLayout,4
com.dsespace.rvwg.R.attr#layout_constraintBottom_creator},4
com.dsespace.rvwg:layout_constraintRight_toLeftOf,4
#MenuItem_android_menuCategory,4
#AppCompatTheme_homeAsUpIndicator,4
#ActionBar_divider,4
#ActionBar_icon,4
#SearchView_queryHint,4
#ConstraintLayout_Layout_layout_constraintEnd_toEndOf,4
#CollapsingToolbarLayout_expandedTitleMargin,4
com.dsespace.rvwg:layout_constraintBaseline_creator,4
#BottomSheetBehavior_Layout_behavior_hideable,4
#AppCompatImageView_android_src,4
#SwitchCompat_android_textOff,4
#AppCompatTheme_actionModeCloseButtonStyle,4
#MenuGroup_android_enabled,4
#CollapsingToolbarLayout_expandedTitleMarginEnd,4
#SearchView_goIcon,4
#TabLayout_tabIndicatorColor,4
#SwitchCompat_android_textOn,4
#ConstraintSet_layout_constraintDimensionRatio,4
android:layout_width}</code></td><td></td></tr>,4
com.dsespace.rvwg.R.attr#layout_constraintHorizontal_weight},4
#AppCompatSeekBar_tickMarkTint,4
android.R.attr#focusable},4
#Toolbar_subtitleTextAppearance,4
#ConstraintLayout_Layout_layout_constraintVertical_bias,4
#SwitchCompat_thumbTextPadding,4
#Toolbar_contentInsetEnd,4
cache,4
com.dsespace.rvwg:layout_constraintDimensionRatio,4
#CoordinatorLayout_Layout_layout_anchor,4
com.dsespace.rvwg.R.attr#subtitle},4
#CollapsingToolbarLayout_collapsedTitleGravity,4
#MenuItem_actionViewClass,4
#TabLayout_tabContentStart,4
#ConstraintLayout_Layout_layout_constraintHeight_default,4
<tr><td><code>homeAsUp</code></td><td>0x4</td><td></td></tr>,4
#ConstraintLayout_Layout_layout_constraintRight_toRightOf,4
#MenuView_android_itemIconDisabledAlpha,4
#ActivityChooserView_expandActivityOverflowButtonDrawable,4
com.dsespace.rvwg:layout_constraintGuide_end}</code></td><td></td></tr>,4
android:gravity}</code></td><td></td></tr>,4
#TabLayout_tabPadding,4
com.dsespace.rvwg:layout_goneMarginEnd}</code></td><td></td></tr>,4
com.dsespace.rvwg.R.attr#layout_constraintBottom_toTopOf},4
#ConstraintSet_android_translationY,4
#AppCompatTheme_checkedTextViewStyle,4
com.dsespace.rvwg:layout_constraintStart_toStartOf,4
com.dsespace.rvwg.R.attr#backgroundTint},4
com.dsespace.rvwg:layout_constraintGuide_begin,4
com.dsespace.rvwg.R.attr#layout_constraintGuide_end},4
#PopupWindow_android_popupBackground,4
#ConstraintSet_layout_constraintTop_toBottomOf,4
#MenuItem_android_onClick,4
#ActionMode_background,4
<tr><td><code>all</code></td><td>2</td><td></td></tr>,4
#TabLayout_tabPaddingBottom,4
<tr><td><code>snap</code></td><td>0x10</td><td></td></tr>,4
#TextInputLayout_hintEnabled,4
#AppCompatTheme_textColorAlertDialogListItem,4
android:windowAnimationStyle,4
#SwitchCompat_showText,4
#CollapsingToolbarLayout_Layout},4
#DrawerArrowToggle_barLength,4
#AppCompatTheme_popupMenuStyle,4
#Spinner_android_entries,4
#ConstraintSet_layout_constraintWidth_min,4
com.dsespace.rvwg:layout_constraintBottom_toTopOf}</code></td><td></td></tr>,4
android:minHeight,4
#ConstraintSet_android_layout_width,4
#Toolbar_contentInsetEndWithActions,4
#TextAppearance_android_shadowDy,4
com.dsespace.rvwg.R.attr#layout_constraintHeight_default},4
#CollapsingToolbarLayout_titleEnabled,4
#ViewStubCompat_android_layout,4
#LinearLayoutCompat_Layout_android_layout_gravity,4
#AppCompatTheme_actionBarDivider,4
com.dsespace.rvwg.R.attr#layout_constraintWidth_min},4
com.dsespace.rvwg.R.attr#layout_constraintTop_toBottomOf},4
com.dsespace.rvwg:layout_constraintHeight_max}</code></td><td></td></tr>,4
com.dsespace.rvwg:logo}</code></td><td></td></tr>,4
com.dsespace.rvwg:layout_constraintBaseline_toBaselineOf}</code></td><td></td></tr>,4
#TabLayout_tabMinWidth,4
#ConstraintLayout_Layout_layout_constraintEnd_toStartOf,4
#MenuItem_android_icon,4
#TextAppearance_android_shadowColor,4
<tr><td><code>all</code></td><td>0x77</td><td></td></tr>,4
#Spinner_android_dropDownWidth,4
com.dsespace.rvwg.R.attr#layout_constraintEnd_toStartOf},4
com.dsespace.rvwg:layout_goneMarginRight}</code></td><td></td></tr>,4
android:textAppearance}</code></td><td></td></tr>,4
#MenuItem_android_titleCondensed,4
#ActionBar_title,4
#AppCompatTheme_listChoiceBackgroundIndicator,4
com.dsespace.rvwg:layout_constraintRight_toLeftOf}</code></td><td></td></tr>,4
android.R.attr#visible},4
#ConstraintLayout_Layout_android_minWidth,4
#AppCompatTheme_colorAccent,4
com.dsespace.rvwg:layout_constraintHorizontal_bias}</code></td><td></td></tr>,4
#AppCompatTheme_actionBarWidgetTheme,4
com.dsespace.rvwg:layout_constraintVertical_bias}</code></td><td></td></tr>,4
#ConstraintLayout_Layout_layout_goneMarginEnd,4
#ViewBackgroundHelper_backgroundTintMode,4
com.dsespace.rvwg:layout_constraintLeft_creator}</code></td><td></td></tr>,4
#AppCompatTextHelper_android_drawableBottom,4
#TabLayout_tabPaddingTop,4
#FloatingActionButton_pressedTranslationZ,4
#Spinner_android_prompt,4
#AlertDialog_android_layout,4
#ConstraintLayout_Layout_layout_constraintGuide_begin,4
#DesignTheme_bottomSheetStyle,4
#AppCompatTheme_actionBarTabStyle,4
android:focusable,4
#ConstraintLayout_Layout_layout_constraintLeft_creator,4
#AppCompatTheme_panelBackground,4
<tr><td><code>withText</code></td><td>4</td><td></td></tr>,4
#MenuGroup_android_orderInCategory,4
com.dsespace.rvwg:layout_editor_absoluteX}</code></td><td></td></tr>,4
newest,4
#AppCompatTheme_listPopupWindowStyle,4
#ConstraintLayout_Layout_layout_constraintRight_creator,4
#AppCompatTheme_colorPrimaryDark,4
<tr><td><code>useLogo</code></td><td>0x1</td><td></td></tr>,4
<tr><td><code>always</code></td><td>2</td><td></td></tr>,4
#TabLayout_tabIndicatorHeight,4
#MenuView_android_verticalDivider,4
<tr><td><code>ifRoom</code></td><td>1</td><td></td></tr>,4
#ConstraintLayout_Layout_layout_constraintGuide_percent,4
#ConstraintSet_layout_constraintBaseline_creator,4
#ConstraintSet_layout_constraintTop_creator,4
#AppBarLayout_expanded,4
android.R.attr#enabled},4
#AppCompatTheme_toolbarStyle,4
#ConstraintSet_layout_constraintStart_toStartOf,4
#ConstraintSet_android_orientation,4
com.dsespace.rvwg:subtitleTextStyle,4
com.dsespace.rvwg:layout_constraintWidth_max}</code></td><td></td></tr>,4
#SwitchCompat_thumbTintMode,4
#Toolbar_collapseContentDescription,4
com.dsespace.rvwg:layout_constraintWidth_default,4
com.dsespace.rvwg:homeAsUpIndicator}</code></td><td></td></tr>,4
android:layout_height,4
#AppBarLayoutStates_state_collapsible,4
com.dsespace.rvwg:layout_constraintHorizontal_chainStyle,4
#NavigationView_itemTextAppearance,4
<tr><td><code>wrap_content</code></td><td>0</td><td></td></tr>,4
com.dsespace.rvwg.R.attr#layout_goneMarginStart},4
#Toolbar_titleMarginStart,4
content,4
#AppCompatTheme_textAppearancePopupMenuHeader,4
<tr><td><code>never</code></td><td>0</td><td></td></tr>,4
#DrawerArrowToggle_thickness,4
#ConstraintLayout_Layout_layout_constraintVertical_weight,4
<tr><td><code>none</code></td><td>1</td><td></td></tr>,4
#NavigationView_elevation,4
#CoordinatorLayout_Layout_layout_anchorGravity,4
#ColorStateListItem_android_color,4
#AppCompatTextHelper_android_drawableRight,4
#AppCompatTheme_windowFixedHeightMinor,4
#AppCompatTheme_actionModeBackground,4
#BottomSheetBehavior_Layout_behavior_peekHeight,4
#CoordinatorLayout_Layout_layout_insetEdge,4
com.dsespace.rvwg:layout_constraintHeight_min}</code></td><td></td></tr>,4
#RecyclerView_reverseLayout,4
#AppCompatTheme_buttonBarPositiveButtonStyle,4
#View_paddingEnd,4
#Toolbar_navigationIcon,4
#AppCompatTheme_colorBackgroundFloating,4
#ConstraintLayout_Layout_layout_constraintLeft_toRightOf,4
com.dsespace.rvwg.R.attr#layout_constraintEnd_toEndOf},4
com.dsespace.rvwg.R.attr#subtitleTextStyle},4
com.dsespace.rvwg:layout_constraintRight_toRightOf,4
#ConstraintLayout_Layout_layout_constraintWidth_min,4
#ConstraintSet_layout_goneMarginTop,4
com.dsespace.rvwg:layout_goneMarginStart,4
#AppBarLayoutStates_state_collapsed,4
android:layout_width,4
#CoordinatorLayout_keylines,4
com.dsespace.rvwg:layout_constraintDimensionRatio}</code></td><td></td></tr>,4
com.dsespace.rvwg.R.attr#layout_constraintGuide_percent},4
#TextInputLayout_passwordToggleDrawable,4
#TextInputLayout_counterOverflowTextAppearance,4
#AppCompatTheme_selectableItemBackground,4
com.dsespace.rvwg:contentInsetStartWithNavigation,4
#SwitchCompat_track,4
#View_android_theme,4
#SearchView_submitBackground,4
com.dsespace.rvwg:layout_constraintTop_toTopOf}</code></td><td></td></tr>,4
#ConstraintSet_layout_constraintBottom_toBottomOf,4
#MenuItem_android_orderInCategory,4
#ActionBar_subtitleTextStyle,4
#MenuView_android_headerBackground,4
com.dsespace.rvwg.R.attr#layout_constraintLeft_toLeftOf},4
#ListPopupWindow_android_dropDownVerticalOffset,4
#AppCompatTheme_listDividerAlertDialog,4
com.dsespace.rvwg:layout_constraintBaseline_creator}</code></td><td></td></tr>,4
#ConstraintSet_layout_constraintGuide_end,4
#ConstraintSet_android_alpha,4
#ConstraintLayout_Layout_layout_constraintHeight_max,4
#ActionBar_homeAsUpIndicator,4
<tr><td><code>showHome</code></td><td>0x2</td><td></td></tr>,4
com.dsespace.rvwg:backgroundTint,4
com.dsespace.rvwg:layout_editor_absoluteY,4
com.dsespace.rvwg:height,4
com.dsespace.rvwg:layout_constraintWidth_default}</code></td><td></td></tr>,4
#ConstraintSet_android_translationX,4
com.dsespace.rvwg.R.attr#divider},4
#AppCompatTheme_actionMenuTextAppearance,4
com.dsespace.rvwg.R.attr#layout_constraintHorizontal_chainStyle},4
#AppCompatTheme_listPreferredItemPaddingLeft,4
#ConstraintLayout_Layout_layout_constraintWidth_max,4
com.dsespace.rvwg.R.attr#textAllCaps},4
#Toolbar_contentInsetStart,4
com.dsespace.rvwg:layout_constraintBottom_toTopOf,4
#CompoundButton_android_button,4
com.dsespace.rvwg.R.attr#layout_constraintVertical_weight},4
com.dsespace.rvwg.R.attr#layout_editor_absoluteY},4
#CoordinatorLayout_Layout_layout_behavior,4
com.dsespace.rvwg:titleTextStyle}</code></td><td></td></tr>,4
android:popupBackground}</code></td><td></td></tr>,4
#FloatingActionButton_rippleColor,4
#ConstraintSet_layout_goneMarginBottom,4
getting,4
#AppCompatTextHelper_android_drawableLeft,4
com.dsespace.rvwg:layout_constraintBaseline_toBaselineOf,4
#AppCompatTheme_colorPrimary,4
#ConstraintSet_android_scaleY,4
#AppCompatTheme_colorControlNormal,4
com.dsespace.rvwg:layout_constraintEnd_toStartOf}</code></td><td></td></tr>,4
#AppCompatTheme_windowMinWidthMajor,4
#AppCompatTheme_windowFixedWidthMajor,4
#RecyclerView_android_descendantFocusability,4
com.dsespace.rvwg:backgroundSplit}</code></td><td></td></tr>,4
#AppCompatTheme_spinnerDropDownItemStyle,4
#Toolbar_titleTextAppearance,4
#LinearLayoutCompat_measureWithLargestChild,4
com.dsespace.rvwg:layout_goneMarginLeft}</code></td><td></td></tr>,4
#Toolbar_contentInsetStartWithNavigation,4
com.dsespace.rvwg:layout_constraintGuide_end,4
inside,4
#TextAppearance_android_typeface,4
#SwitchCompat_trackTintMode,4
#ActionBar_backgroundStacked,4
#AppCompatTheme_windowActionBarOverlay,4
#Toolbar_titleMargin,4
#TabLayout_tabGravity,4
#AppCompatTheme_windowFixedHeightMajor,4
#Toolbar_collapseIcon,4
#AppCompatTheme_panelMenuListWidth,4
<tr><td><code>fill_horizontal</code></td><td>0x07</td><td></td></tr>,4
#AlertDialog_listItemLayout,4
#ConstraintSet_layout_constraintLeft_toLeftOf,4
#AppCompatTheme_dialogPreferredPadding,4
#AppCompatTextHelper_android_drawableEnd,4
com.dsespace.rvwg:layout_constraintStart_toEndOf,4
#ViewBackgroundHelper_backgroundTint,4
#AppBarLayoutStates},4
android:enabled}</code></td><td></td></tr>,4
#SearchView_searchHintIcon,4
com.dsespace.rvwg:contentInsetStart,4
#ConstraintLayout_Layout_layout_constraintGuide_end,4
#Toolbar_logo,4
#AppCompatTheme_dividerHorizontal,4
com.dsespace.rvwg:layout_constraintTop_toTopOf,4
#SnackbarLayout_android_maxWidth,4
#ConstraintSet_layout_constraintStart_toEndOf,4
#SnackbarLayout_maxActionInlineWidth,4
#AppCompatTheme_textAppearanceSearchResultSubtitle,4
#CollapsingToolbarLayout_expandedTitleGravity,4
com.dsespace.rvwg.R.attr#layout_constraintRight_creator},4
load,4
#AppCompatTheme_spinnerStyle,4
android.R.attr#thumb},4
com.dsespace.rvwg:contentInsetStartWithNavigation}</code></td><td></td></tr>,4
com.dsespace.rvwg:layout_constraintGuide_percent}</code></td><td></td></tr>,4
#FloatingActionButton_backgroundTint,4
com.dsespace.rvwg:subtitle,4
#CollapsingToolbarLayout_scrimVisibleHeightTrigger,4
#CollapsingToolbarLayout_scrimAnimationDuration,4
<tr><td><code>middle</code></td><td>2</td><td></td></tr>,4
#ActionBar_logo,4
android:visible,4
#TextInputLayout_passwordToggleTint,4
#NavigationView_itemBackground,4
#TabLayout_tabMaxWidth,4
#TextInputLayout_hintTextAppearance,4
#AppCompatTheme_activityChooserViewStyle,4
com.dsespace.rvwg:layout_constraintLeft_toLeftOf}</code></td><td></td></tr>,4
#AppCompatTheme_actionModePasteDrawable,4
com.dsespace.rvwg:layout_constraintGuide_percent,4
com.dsespace.rvwg:textAllCaps,4
#ConstraintSet_layout_constraintLeft_creator,4
#ActionBar_elevation,4
#AppCompatTextView},4
#AppCompatTheme_windowMinWidthMinor,4
#ConstraintSet_layout_constraintBottom_creator,4
#CoordinatorLayout_Layout_layout_keyline,4
<tr><td><code>fixed</code></td><td>1</td><td></td></tr>,4
#Toolbar_buttonGravity,4
#ConstraintSet_layout_constraintEnd_toStartOf,4
#AppCompatImageView},4
#AppCompatTheme_windowNoTitle,4
#AppCompatTheme_actionModeFindDrawable,4
#ActionMode_titleTextStyle,4
#AppCompatTheme_actionMenuTextColor,4
#ConstraintSet_layout_goneMarginEnd,4
com.dsespace.rvwg.R.attr#layout_constraintVertical_chainStyle},4
#SearchView_android_imeOptions,4
<tr><td><code>clip_horizontal</code></td><td>0x08</td><td></td></tr>,4
#ConstraintLayout_Layout_layout_goneMarginStart,4
#Spinner_popupTheme,4
<tr><td><code>basic</code></td><td>4</td><td></td></tr>,4
#MenuItem_actionProviderClass,4
#MenuView_android_itemTextAppearance,4
#AppCompatTheme_listPreferredItemHeightLarge,4
<tr><td><code>enterAlwaysCollapsed</code></td><td>0x8</td><td></td></tr>,4
com.dsespace.rvwg:backgroundTintMode}</code></td><td></td></tr>,4
#SearchView_suggestionRowLayout,4
#AppCompatTheme_actionModeStyle,4
#AppBarLayout_Layout_layout_scrollFlags,4
#MenuGroup_android_checkableBehavior,4
#TabLayout_tabTextColor,4
com.dsespace.rvwg:layout_constraintVertical_weight}</code></td><td></td></tr>,4
com.dsespace.rvwg:subtitle}</code></td><td></td></tr>,4
#ConstraintSet_layout_constraintBaseline_toBaselineOf,4
<tr><td><code>showTitle</code></td><td>0x8</td><td></td></tr>,4
com.dsespace.rvwg:layout_constraintBottom_creator}</code></td><td></td></tr>,4
#AppCompatTheme_buttonBarButtonStyle,4
#ConstraintLayout_Layout_android_maxWidth,4
com.dsespace.rvwg:layout_constraintVertical_weight,4
#MenuView_android_itemBackground,4
#AppCompatTheme_windowFixedWidthMinor,4
com.dsespace.rvwg.R.attr#layout_constraintBottom_toBottomOf},4
com.dsespace.rvwg:layout_goneMarginLeft,4
#TextAppearance_android_textColor,4
#AppCompatTheme_toolbarNavigationButtonStyle,4
#LinearConstraintLayout_android_orientation,4
com.dsespace.rvwg.R.attr#contentInsetLeft},4
#AppCompatTheme_buttonStyle,4
#AppCompatTextView_textAllCaps,4
com.dsespace.rvwg.R.attr#titleTextStyle},4
#CoordinatorLayout},4
com.dsespace.rvwg:background}</code></td><td></td></tr>,4
com.dsespace.rvwg.R.attr#homeAsUpIndicator},4
com.dsespace.rvwg:layout_constraintHeight_default,4
#ConstraintSet_android_layout_marginBottom,4
#MenuItem_android_visible,4
android.R.attr#orderInCategory},4
#ConstraintLayout_Layout_layout_goneMarginRight,4
#CollapsingToolbarLayout_toolbarId,4
#ConstraintSet_layout_goneMarginStart,4
com.dsespace.rvwg:backgroundTintMode,4
#ActionBar_customNavigationLayout,4
#AppCompatTextHelper_android_textAppearance,4
#Toolbar_contentInsetRight,4
#AppCompatTheme_actionModeCopyDrawable,4
#AppCompatTheme_actionModeSplitBackground,4
#PopupWindowBackgroundState_state_above_anchor,4
#AppCompatTheme_dialogTheme,4
links,4
#ConstraintSet_layout_constraintLeft_toRightOf,4
<tr><td><code>chains</code></td><td>8</td><td></td></tr>,4
#Toolbar_logoDescription,4
<tr><td><code>fill</code></td><td>0x77</td><td></td></tr>,4
#TextInputLayout_passwordToggleContentDescription,4
android:orderInCategory,4
android:menuCategory,4
#FloatingActionButton_elevation,4
com.dsespace.rvwg.R.attr#layout_goneMarginRight},4
#CollapsingToolbarLayout_expandedTitleMarginStart,4
com.dsespace.rvwg:titleTextStyle,4
#TextInputLayout_hintAnimationEnabled,4
#TextInputLayout_android_hint,4
com.dsespace.rvwg:layout_constraintBottom_toBottomOf}</code></td><td></td></tr>,4
#TextAppearance_android_shadowDx,4
#TextInputLayout_errorTextAppearance,4
com.dsespace.rvwg:contentInsetEnd}</code></td><td></td></tr>,4
android:alpha,4
#AppBarLayout_android_background,4
#Toolbar_android_gravity,4
com.dsespace.rvwg.R.attr#layout_constraintWidth_default},4
<tr><td><code>center</code></td><td>1</td><td></td></tr>,4
android:visible}</code></td><td></td></tr>,4
#ActivityChooserView},4
com.dsespace.rvwg:contentInsetRight,4
clear,4
#SwitchCompat_thumbTint,4
#AlertDialog_singleChoiceItemLayout,4
#AppCompatTheme_actionModeSelectAllDrawable,4
#AppCompatTheme_listPreferredItemHeight,4
#ConstraintLayout_Layout_layout_constraintBaseline_toBaselineOf,4
<tr><td><code>end</code></td><td>4</td><td></td></tr>,4
#NavigationView_android_maxWidth,4
#CompoundButton_buttonTintMode,4
#CompoundButton_buttonTint,4
#Toolbar_titleMargins,4
#TextAppearance_android_shadowRadius,4
com.dsespace.rvwg.R.attr#layout_constraintHeight_max},4
com.dsespace.rvwg.R.attr#layout_constraintStart_toEndOf},4
#AppCompatTheme_textAppearanceListItemSmall,4
#ConstraintLayout_Layout_layout_constraintHorizontal_bias,4
com.dsespace.rvwg.R.attr#layout_constraintTop_toTopOf},4
#TabItem_android_text,4
com.dsespace.rvwg:backgroundTint}</code></td><td></td></tr>,4
#LinearLayoutCompat_android_baselineAligned,4
#ConstraintSet_android_transformPivotY,4
#AppCompatTheme_actionButtonStyle,4
#AppCompatTheme_android_windowIsFloating,4
#AppCompatTheme_actionModeShareDrawable,4
android:icon}</code></td><td></td></tr>,4
#AppCompatTheme_actionBarItemBackground,4
com.dsespace.rvwg.R.attr#layout_constraintBaseline_creator},4
#FloatingActionButton_borderWidth,4
#AppCompatTheme_ratingBarStyleIndicator,4
com.dsespace.rvwg:layout_constraintLeft_toRightOf}</code></td><td></td></tr>,4
#PopupWindow_overlapAnchor,4
<tr><td><code>collapseActionView</code></td><td>8</td><td></td></tr>,4
#MenuGroup_android_id,4
<tr><td><code>beginning</code></td><td>1</td><td></td></tr>,4
android.R.attr#popupBackground},4
com.dsespace.rvwg:background,4
android:icon,4
#ConstraintLayout_Layout_layout_goneMarginLeft,4
#RecyclerView_android_orientation,4
#DrawerArrowToggle_drawableSize,4
#TabLayout_tabPaddingEnd,4
#AppCompatTheme_buttonStyleSmall,4
com.dsespace.rvwg:contentInsetEndWithActions}</code></td><td></td></tr>,4
#DesignTheme_textColorError,4
com.dsespace.rvwg:layout_constraintTop_toBottomOf,4
#SearchView_android_inputType,4
#CollapsingToolbarLayout_expandedTitleMarginBottom,4
#AppBarLayout_Layout},4
#ConstraintLayout_Layout_layout_optimizationLevel,4
opening,4
JavaScript,4
#ConstraintLayout_Layout_layout_constraintBottom_creator,4
com.dsespace.rvwg:layout_constraintStart_toEndOf}</code></td><td></td></tr>,4
#TabLayout_tabBackground,4
#MenuItem_android_alphabeticShortcut,4
com.dsespace.rvwg.R.attr#contentInsetEnd},4
#AppCompatTheme_actionBarTheme,4
#ConstraintLayout_Layout_layout_goneMarginTop,4
android.R.attr#minHeight},4
#ListPopupWindow},4
#ConstraintLayout_Layout_layout_constraintTop_creator,4
android:minHeight}</code></td><td></td></tr>,4
#MenuItem_android_enabled,4
android.R.attr#menuCategory},4
com.dsespace.rvwg.R.attr#contentInsetRight},4
#ConstraintLayout_Layout_layout_constraintBottom_toBottomOf,4
#AppCompatTheme_buttonBarStyle,4
#SnackbarLayout_elevation,4
#AppCompatTheme_selectableItemBackgroundBorderless,4
#TextInputLayout_counterMaxLength,4
com.dsespace.rvwg:layout_constraintTop_creator}</code></td><td></td></tr>,4
#ConstraintLayout_Layout_layout_goneMarginBottom,4
#AppCompatTheme_dividerVertical,4
#LinearLayoutCompat_dividerPadding,4
#AppCompatTheme_radioButtonStyle,4
<tr><td><code>scrollable</code></td><td>0</td><td></td></tr>,4
#ActionBar_itemPadding,4
#MenuItem_android_title,4
#AppCompatTheme_colorSwitchThumbNormal,4
#LinearLayoutCompat_divider,4
#AppCompatTextView_android_textAppearance,4
#ConstraintLayout_Layout_constraintSet,4
com.dsespace.rvwg:homeAsUpIndicator,4
com.dsespace.rvwg:divider,4
#AppCompatTheme_textAppearanceSmallPopupMenu,4
com.dsespace.rvwg:layout_constraintHorizontal_weight}</code></td><td></td></tr>,4
#ForegroundLinearLayout_foregroundInsidePadding,4
#ActionMenuItemView_android_minWidth,4
#ActionBar_subtitle,4
com.dsespace.rvwg:layout_editor_absoluteX,4
#MenuItem_android_numericShortcut,4
android:thumb}</code></td><td></td></tr>,4
#ActionBar_contentInsetEnd,4
#MenuView_android_horizontalDivider,4
#SearchView_voiceIcon,4
android:minWidth}</code></td><td></td></tr>,4
#ConstraintLayout_Layout_layout_constraintHorizontal_weight,4
#ActivityChooserView_initialActivityCount,4
#ConstraintSet_layout_constraintHorizontal_bias,4
#AlertDialog_buttonPanelSideLayout,4
#Toolbar_title,4
#LinearLayoutCompat_android_baselineAlignedChildIndex,4
#ConstraintLayout_Layout_layout_constraintHorizontal_chainStyle,4
#AppCompatTheme_editTextColor,4
com.dsespace.rvwg:layout_goneMarginEnd,4
#NavigationView_android_background,4
com.dsespace.rvwg.R.attr#contentInsetStart},4
#SearchView_searchIcon,4
#AppCompatTheme_switchStyle,4
#ConstraintSet_android_visibility,4
android:windowAnimationStyle}</code></td><td></td></tr>,4
#Toolbar_maxButtonHeight,4
#SearchView_android_maxWidth,4
#AppCompatTheme_popupWindowStyle,4
#AppCompatTheme_editTextStyle,4
#AppCompatTheme_textAppearanceSearchResultTitle,4
#LinearLayoutCompat_Layout_android_layout_height,4
#ConstraintSet_layout_editor_absoluteX,4
#ConstraintSet_layout_constraintVertical_chainStyle,4
#ActionBar_hideOnContentScroll,4
#Toolbar_contentInsetLeft,4
com.dsespace.rvwg.R.attr#layout_constraintGuide_begin},4
#ConstraintSet_android_translationZ,4
#Toolbar_titleMarginTop,4
android:popupBackground,4
#Toolbar_android_minHeight,4
#MenuItem_android_id,4
#ConstraintSet_android_rotationY,4
#AppCompatTheme_buttonBarNegativeButtonStyle,4
#AppCompatTheme_colorButtonNormal,4
android:enabled,4
android.R.attr#minWidth},4
#ActionBar_indeterminateProgressStyle,4
#Toolbar_navigationContentDescription,4
com.dsespace.rvwg:contentInsetEnd,4
#ActionBar_navigationMode,4
#AppCompatTheme_listPreferredItemPaddingRight,4
#ConstraintSet_layout_constraintWidth_default,4
#FloatingActionButton_Behavior_Layout_behavior_autoHide,4
com.dsespace.rvwg:layout_goneMarginRight,4
#Toolbar_titleTextColor,4
Automatically,3
tool,3
!=,3
String,3
(url,3
Open,3
Pojtinger,3
Custom,3
Display,3
shouldOverrideUrlLoading(WebView,3
Links,3
false;,3
Tab,3
WIP:,3
url),3
Created,3
action,3
\url.startsWith("\http://"\))\,3
file,3
else,3
});,3
aapt,3
null,3
WebViewClient(),3
section,3
Felix,3
20.05.2017,3
sections,3
bar,3
public,3
Chrome,3
true;,3
activity,3
&&,3
\view,\,3
AlertDialog,2
com.dsespace.rvwg.R.attr#tabTextAppearance},2
com.dsespace.rvwg.R.attr#insetForeground},2
com.dsespace.rvwg.R.attr#actionModeWebSearchDrawable},2
com.dsespace.rvwg:bottomSheetDialogTheme,2
android.R.attr#title},2
com.dsespace.rvwg.R.attr#showText},2
com.dsespace.rvwg.R.attr#itemTextColor},2
com.dsespace.rvwg.R.attr#tickMarkTintMode},2
com.dsespace.rvwg:windowMinWidthMajor}</code></td><td></td></tr>,2
com.dsespace.rvwg:collapsedTitleGravity}</code></td><td></td></tr>,2
com.dsespace.rvwg.R.attr#useCompatPadding},2
com.dsespace.rvwg:state_collapsed,2
com.dsespace.rvwg.R.attr#layout_scrollFlags},2
FragmentPagerAdapter},2
com.dsespace.rvwg:actionBarSize}</code></td><td></td></tr>,2
android:transformPivotY,2
com.dsespace.rvwg:constraintSet,2
com.dsespace.rvwg:indeterminateProgressStyle,2
android:drawableEnd,2
LinearConstraintLayout,2
android:shadowRadius}</code></td><td></td></tr>,2
com.dsespace.rvwg.R.attr#titleMargins},2
com.dsespace.rvwg:singleChoiceItemLayout}</code></td><td></td></tr>,2
com.dsespace.rvwg:tabPaddingTop}</code></td><td></td></tr>,2
com.dsespace.rvwg:windowFixedHeightMajor}</code></td><td></td></tr>,2
com.dsespace.rvwg:layout_dodgeInsetEdges,2
com.dsespace.rvwg:alertDialogTheme,2
com.dsespace.rvwg.R.attr#progressBarPadding},2
com.dsespace.rvwg:measureWithLargestChild}</code></td><td></td></tr>,2
com.dsespace.rvwg:buttonPanelSideLayout,2
com.dsespace.rvwg:searchIcon}</code></td><td></td></tr>,2
com.dsespace.rvwg:contentScrim}</code></td><td></td></tr>,2
com.dsespace.rvwg:expandedTitleMarginBottom,2
com.dsespace.rvwg:overlapAnchor,2
ActionMenuItemView,2
com.dsespace.rvwg:titleTextColor}</code></td><td></td></tr>,2
android.R.attr#drawableBottom},2
com.dsespace.rvwg:actionModePopupWindowStyle,2
TextInputLayout,2
com.dsespace.rvwg:navigationContentDescription,2
com.dsespace.rvwg:alertDialogTheme}</code></td><td></td></tr>,2
com.dsespace.rvwg:selectableItemBackgroundBorderless,2
com.dsespace.rvwg:itemTextAppearance}</code></td><td></td></tr>,2
com.dsespace.rvwg:progressBarPadding,2
com.dsespace.rvwg.R.attr#expandedTitleGravity},2
com.dsespace.rvwg.R.attr#behavior_skipCollapsed},2
android:transformPivotX}</code></td><td></td></tr>,2
com.dsespace.rvwg:listPreferredItemPaddingRight}</code></td><td></td></tr>,2
com.dsespace.rvwg:tabMaxWidth,2
com.dsespace.rvwg:actionBarTabStyle}</code></td><td></td></tr>,2
android:drawableTop,2
android:layout_marginTop,2
com.dsespace.rvwg:theme}</code></td><td></td></tr>,2
com.dsespace.rvwg:tabBackground,2
com.dsespace.rvwg:counterEnabled}</code></td><td></td></tr>,2
android:layout_marginTop}</code></td><td></td></tr>,2
com.dsespace.rvwg:borderWidth}</code></td><td></td></tr>,2
com.dsespace.rvwg.R.attr#spinnerDropDownItemStyle},2
com.dsespace.rvwg:behavior_skipCollapsed}</code></td><td></td></tr>,2
com.dsespace.rvwg.R.attr#measureWithLargestChild},2
com.dsespace.rvwg:state_collapsible,2
com.dsespace.rvwg.R.attr#textAppearancePopupMenuHeader},2
com.dsespace.rvwg:switchStyle}</code></td><td></td></tr>,2
com.dsespace.rvwg.R.attr#statusBarScrim},2
com.dsespace.rvwg:titleMarginBottom,2
android.R.attr#typeface},2
com.dsespace.rvwg:buttonBarStyle}</code></td><td></td></tr>,2
com.dsespace.rvwg:closeIcon}</code></td><td></td></tr>,2
android:titleCondensed,2
com.dsespace.rvwg:state_above_anchor}</code></td><td></td></tr>,2
com.dsespace.rvwg:actionLayout}</code></td><td></td></tr>,2
MenuGroup,2
com.dsespace.rvwg:panelMenuListTheme}</code></td><td></td></tr>,2
ButtonBarLayout,2
com.dsespace.rvwg:titleEnabled,2
com.dsespace.rvwg:allowStacking,2
com.dsespace.rvwg:textAppearanceSearchResultSubtitle,2
android.R.attr#descendantFocusability},2
com.dsespace.rvwg.R.attr#buttonTint},2
com.dsespace.rvwg:actionModeWebSearchDrawable,2
PopupWindowBackgroundState,2
com.dsespace.rvwg.R.attr#passwordToggleEnabled},2
com.dsespace.rvwg.R.attr#srcCompat},2
com.dsespace.rvwg.R.attr#multiChoiceItemLayout},2
com.dsespace.rvwg:listPopupWindowStyle,2
com.dsespace.rvwg.R.attr#foregroundInsidePadding},2
com.dsespace.rvwg:actionBarTheme}</code></td><td></td></tr>,2
com.dsespace.rvwg:scrimAnimationDuration}</code></td><td></td></tr>,2
com.dsespace.rvwg:listChoiceBackgroundIndicator}</code></td><td></td></tr>,2
com.dsespace.rvwg.R.attr#navigationContentDescription},2
com.dsespace.rvwg.R.attr#actionBarDivider},2
com.dsespace.rvwg:tabPaddingBottom,2
android:scaleX}</code></td><td></td></tr>,2
com.dsespace.rvwg:listPreferredItemPaddingLeft}</code></td><td></td></tr>,2
android:weightSum}</code></td><td></td></tr>,2
com.dsespace.rvwg.R.attr#listPreferredItemHeightLarge},2
com.dsespace.rvwg:windowFixedWidthMinor,2
com.dsespace.rvwg:toolbarNavigationButtonStyle}</code></td><td></td></tr>,2
com.dsespace.rvwg:errorEnabled}</code></td><td></td></tr>,2
com.dsespace.rvwg:logoDescription,2
android:maxHeight}</code></td><td></td></tr>,2
com.dsespace.rvwg:colorBackgroundFloating,2
android:color,2
com.dsespace.rvwg:actionLayout,2
com.dsespace.rvwg:subtitleTextAppearance}</code></td><td></td></tr>,2
com.dsespace.rvwg:alertDialogCenterButtons}</code></td><td></td></tr>,2
com.dsespace.rvwg:textAppearanceListItemSmall}</code></td><td></td></tr>,2
com.dsespace.rvwg.R.attr#errorTextAppearance},2
com.dsespace.rvwg:switchPadding,2
com.dsespace.rvwg:searchHintIcon}</code></td><td></td></tr>,2
com.dsespace.rvwg.R.attr#alpha},2
com.dsespace.rvwg.R.attr#hintTextAppearance},2
ListPopupWindow,2
com.dsespace.rvwg.R.attr#tabIndicatorColor},2
android:verticalDivider,2
com.dsespace.rvwg.R.attr#expandedTitleMargin},2
ScrollingViewBehavior_Layout,2
com.dsespace.rvwg:actionBarTabStyle,2
android:numericShortcut,2
com.dsespace.rvwg:textAppearanceListItem,2
com.dsespace.rvwg:headerLayout}</code></td><td></td></tr>,2
com.dsespace.rvwg:panelBackground,2
com.dsespace.rvwg.R.attr#scrimAnimationDuration},2
com.dsespace.rvwg:hintEnabled}</code></td><td></td></tr>,2
android.R.attr#hint},2
android.R.attr#elevation},2
android:color}</code></td><td></td></tr>,2
com.dsespace.rvwg:autoCompleteTextViewStyle}</code></td><td></td></tr>,2
com.dsespace.rvwg:showText}</code></td><td></td></tr>,2
com.dsespace.rvwg:actionModeCutDrawable}</code></td><td></td></tr>,2
com.dsespace.rvwg:itemIconTint}</code></td><td></td></tr>,2
Back,2
com.dsespace.rvwg:collapseIcon}</code></td><td></td></tr>,2
com.dsespace.rvwg:showDividers,2
com.dsespace.rvwg.R.attr#paddingEnd},2
com.dsespace.rvwg:colorSwitchThumbNormal,2
com.dsespace.rvwg:switchTextAppearance}</code></td><td></td></tr>,2
com.dsespace.rvwg.R.attr#drawableSize},2
com.dsespace.rvwg.R.attr#state_above_anchor},2
com.dsespace.rvwg.R.attr#borderWidth},2
com.dsespace.rvwg.R.attr#ratingBarStyleIndicator},2
adapter,2
com.dsespace.rvwg:showAsAction,2
android:drawableRight,2
com.dsespace.rvwg:srcCompat}</code></td><td></td></tr>,2
com.dsespace.rvwg.R.attr#actionOverflowButtonStyle},2
com.dsespace.rvwg.R.attr#buttonPanelSideLayout},2
com.dsespace.rvwg:collapsedTitleTextAppearance}</code></td><td></td></tr>,2
android.R.attr#drawableStart},2
android.R.attr#foregroundGravity},2
android.R.attr#color},2
com.dsespace.rvwg:layout_keyline,2
com.dsespace.rvwg:displayOptions,2
com.dsespace.rvwg:iconifiedByDefault}</code></td><td></td></tr>,2
AppBarLayout_Layout,2
android:fitsSystemWindows}</code></td><td></td></tr>,2
android:inputType}</code></td><td></td></tr>,2
com.dsespace.rvwg:counterTextAppearance}</code></td><td></td></tr>,2
com.dsespace.rvwg.R.attr#queryHint},2
com.dsespace.rvwg:actionViewClass,2
android:shadowDx,2
android:dropDownVerticalOffset,2
com.dsespace.rvwg.R.attr#headerLayout},2
android.R.attr#translationY},2
com.dsespace.rvwg:actionModeWebSearchDrawable}</code></td><td></td></tr>,2
com.dsespace.rvwg.R.attr#layout_collapseParallaxMultiplier},2
com.dsespace.rvwg:counterOverflowTextAppearance}</code></td><td></td></tr>,2
com.dsespace.rvwg:windowActionModeOverlay}</code></td><td></td></tr>,2
com.dsespace.rvwg:selectableItemBackgroundBorderless}</code></td><td></td></tr>,2
com.dsespace.rvwg:actionModeSelectAllDrawable}</code></td><td></td></tr>,2
com.dsespace.rvwg:actionBarPopupTheme,2
com.dsespace.rvwg:color,2
android.R.attr#drawableTop},2
com.dsespace.rvwg.R.attr#subtitleTextAppearance},2
com.dsespace.rvwg:tabIndicatorColor,2
com.dsespace.rvwg:windowActionBarOverlay}</code></td><td></td></tr>,2
com.dsespace.rvwg:behavior_autoHide}</code></td><td></td></tr>,2
com.dsespace.rvwg:titleTextColor,2
com.dsespace.rvwg.R.attr#indeterminateProgressStyle},2
com.dsespace.rvwg.R.attr#popupWindowStyle},2
com.dsespace.rvwg:expandedTitleMarginEnd,2
com.dsespace.rvwg.R.attr#barLength},2
com.dsespace.rvwg.R.attr#toolbarStyle},2
com.dsespace.rvwg:expandedTitleMarginTop}</code></td><td></td></tr>,2
com.dsespace.rvwg:activityChooserViewStyle}</code></td><td></td></tr>,2
com.dsespace.rvwg.R.attr#actionDropDownStyle},2
AppCompatTextHelper,2
android:button,2
com.dsespace.rvwg.R.attr#actionModeFindDrawable},2
android:checkableBehavior,2
com.dsespace.rvwg.R.attr#actionBarWidgetTheme},2
com.dsespace.rvwg.R.attr#collapseContentDescription},2
com.dsespace.rvwg.R.attr#actionBarTabStyle},2
android:itemTextAppearance,2
android.R.attr#checkableBehavior},2
com.dsespace.rvwg:actionModeShareDrawable}</code></td><td></td></tr>,2
com.dsespace.rvwg:layout_optimizationLevel}</code></td><td></td></tr>,2
android:transformPivotY}</code></td><td></td></tr>,2
com.dsespace.rvwg:expandedTitleMarginTop,2
android.R.attr#inflatedId},2
android.R.attr#foreground},2
com.dsespace.rvwg:windowFixedWidthMajor,2
com.dsespace.rvwg:activityChooserViewStyle,2
android:typeface}</code></td><td></td></tr>,2
com.dsespace.rvwg.R.attr#navigationIcon},2
com.dsespace.rvwg:layout}</code></td><td></td></tr>,2
com.dsespace.rvwg:actionMenuTextAppearance}</code></td><td></td></tr>,2
com.dsespace.rvwg:autoCompleteTextViewStyle,2
com.dsespace.rvwg:windowFixedWidthMajor}</code></td><td></td></tr>,2
com.dsespace.rvwg:ratingBarStyleIndicator}</code></td><td></td></tr>,2
com.dsespace.rvwg:menu}</code></td><td></td></tr>,2
com.dsespace.rvwg:checkboxStyle}</code></td><td></td></tr>,2
com.dsespace.rvwg.R.attr#layout_optimizationLevel},2
com.dsespace.rvwg.R.attr#tabMode},2
android:layout_marginStart,2
com.dsespace.rvwg:dividerPadding,2
com.dsespace.rvwg.R.attr#allowStacking},2
com.dsespace.rvwg:actionModeCloseButtonStyle}</code></td><td></td></tr>,2
com.dsespace.rvwg.R.attr#subtitleTextColor},2
com.dsespace.rvwg.R.attr#iconifiedByDefault},2
com.dsespace.rvwg.R.attr#tabPaddingTop},2
com.dsespace.rvwg:collapsedTitleTextAppearance,2
com.dsespace.rvwg.R.attr#itemPadding},2
com.dsespace.rvwg.R.attr#actionBarTheme},2
com.dsespace.rvwg.R.attr#stackFromEnd},2
com.dsespace.rvwg:initialActivityCount}</code></td><td></td></tr>,2
com.dsespace.rvwg.R.attr#collapseIcon},2
com.dsespace.rvwg:toolbarStyle}</code></td><td></td></tr>,2
com.dsespace.rvwg.R.attr#textAppearanceSearchResultTitle},2
com.dsespace.rvwg:trackTint}</code></td><td></td></tr>,2
com.dsespace.rvwg:tabPaddingTop,2
#PopupWindowBackgroundState},2
com.dsespace.rvwg:thumbTextPadding,2
com.dsespace.rvwg:seekBarStyle,2
com.dsespace.rvwg:tabTextAppearance}</code></td><td></td></tr>,2
com.dsespace.rvwg:spinBars}</code></td><td></td></tr>,2
com.dsespace.rvwg:listPreferredItemHeight}</code></td><td></td></tr>,2
com.dsespace.rvwg.R.attr#colorControlNormal},2
android:windowIsFloating,2
documentation</a>,2
com.dsespace.rvwg.R.attr#titleTextColor},2
com.dsespace.rvwg.R.attr#actionModeShareDrawable},2
android:rotationY,2
com.dsespace.rvwg.R.attr#dropdownListPreferredItemHeight},2
com.dsespace.rvwg:passwordToggleDrawable,2
com.dsespace.rvwg.R.attr#subMenuArrow},2
com.dsespace.rvwg.R.attr#titleTextAppearance},2
com.dsespace.rvwg:colorSwitchThumbNormal}</code></td><td></td></tr>,2
com.dsespace.rvwg:radioButtonStyle}</code></td><td></td></tr>,2
com.dsespace.rvwg.R.attr#counterEnabled},2
android.R.attr#itemTextAppearance},2
com.dsespace.rvwg:toolbarNavigationButtonStyle,2
com.dsespace.rvwg:textColorError}</code></td><td></td></tr>,2
com.dsespace.rvwg:track,2
com.dsespace.rvwg:defaultQueryHint,2
android:maxHeight,2
android:entries,2
LinearLayoutCompat,2
AppCompatTheme,2
com.dsespace.rvwg:itemPadding,2
com.dsespace.rvwg:tabPadding}</code></td><td></td></tr>,2
com.dsespace.rvwg.R.attr#statusBarBackground},2
android:popupAnimationStyle,2
com.dsespace.rvwg:tabMinWidth,2
com.dsespace.rvwg:iconifiedByDefault,2
com.dsespace.rvwg:fabSize}</code></td><td></td></tr>,2
com.dsespace.rvwg:itemPadding}</code></td><td></td></tr>,2
com.dsespace.rvwg:toolbarId,2
com.dsespace.rvwg:stackFromEnd}</code></td><td></td></tr>,2
ConstraintLayout_Layout,2
com.dsespace.rvwg:initialActivityCount,2
com.dsespace.rvwg.R.attr#toolbarNavigationButtonStyle},2
android:src}</code></td><td></td></tr>,2
com.dsespace.rvwg.R.attr#dropDownListViewStyle},2
com.dsespace.rvwg.R.attr#logoDescription},2
com.dsespace.rvwg:actionMenuTextColor}</code></td><td></td></tr>,2
com.dsespace.rvwg.R.attr#controlBackground},2
android:inflatedId}</code></td><td></td></tr>,2
com.dsespace.rvwg:passwordToggleContentDescription,2
com.dsespace.rvwg:colorAccent}</code></td><td></td></tr>,2
com.dsespace.rvwg.R.attr#panelMenuListWidth},2
com.dsespace.rvwg.R.attr#queryBackground},2
com.dsespace.rvwg.R.attr#ratingBarStyle},2
com.dsespace.rvwg:listDividerAlertDialog}</code></td><td></td></tr>,2
com.dsespace.rvwg.R.attr#state_collapsible},2
android:drawableTop}</code></td><td></td></tr>,2
android.R.attr#drawableEnd},2
com.dsespace.rvwg:textColorSearchUrl,2
com.dsespace.rvwg.R.attr#menu},2
ActivityChooserView,2
android:foreground,2
com.dsespace.rvwg:progressBarStyle}</code></td><td></td></tr>,2
com.dsespace.rvwg:actionModeFindDrawable}</code></td><td></td></tr>,2
MenuItem,2
com.dsespace.rvwg:controlBackground,2
android.R.attr#weightSum},2
goBack()-Method,2
com.dsespace.rvwg.R.attr#tabMinWidth},2
com.dsespace.rvwg.R.attr#colorPrimaryDark},2
com.dsespace.rvwg:actionModeCopyDrawable}</code></td><td></td></tr>,2
com.dsespace.rvwg:actionOverflowMenuStyle}</code></td><td></td></tr>,2
If,2
android.R.attr#dropDownWidth},2
com.dsespace.rvwg.R.attr#counterOverflowTextAppearance},2
android.R.attr#textColor},2
com.dsespace.rvwg.R.attr#titleMarginEnd},2
com.dsespace.rvwg:insetForeground,2
com.dsespace.rvwg.R.attr#arrowHeadLength},2
com.dsespace.rvwg.R.attr#windowMinWidthMajor},2
com.dsespace.rvwg:color}</code></td><td></td></tr>,2
com.dsespace.rvwg.R.attr#behavior_autoHide},2
android:textStyle}</code></td><td></td></tr>,2
com.dsespace.rvwg:layout,2
com.dsespace.rvwg.R.attr#windowFixedWidthMajor},2
com.dsespace.rvwg:actionButtonStyle,2
com.dsespace.rvwg:layout_scrollFlags,2
android:alphabeticShortcut,2
com.dsespace.rvwg:titleMarginTop}</code></td><td></td></tr>,2
execute,2
com.dsespace.rvwg.R.attr#switchStyle},2
com.dsespace.rvwg:passwordToggleEnabled,2
com.dsespace.rvwg:actionModeCutDrawable,2
com.dsespace.rvwg:itemBackground}</code></td><td></td></tr>,2
com.dsespace.rvwg:tabTextColor,2
com.dsespace.rvwg:colorBackgroundFloating}</code></td><td></td></tr>,2
com.dsespace.rvwg:dividerVertical}</code></td><td></td></tr>,2
com.dsespace.rvwg:layout_anchor,2
android.R.attr#layout_marginRight},2
android:drawableBottom}</code></td><td></td></tr>,2
com.dsespace.rvwg:stackFromEnd,2
com.dsespace.rvwg.R.attr#actionBarPopupTheme},2
com.dsespace.rvwg:statusBarBackground,2
com.dsespace.rvwg.R.attr#spinnerStyle},2
com.dsespace.rvwg:expandedTitleMarginStart,2
com.dsespace.rvwg:maxButtonHeight}</code></td><td></td></tr>,2
com.dsespace.rvwg:customNavigationLayout,2
com.dsespace.rvwg:trackTintMode,2
com.dsespace.rvwg:spinnerStyle,2
android:drawableLeft}</code></td><td></td></tr>,2
com.dsespace.rvwg:insetForeground}</code></td><td></td></tr>,2
com.dsespace.rvwg:collapseContentDescription}</code></td><td></td></tr>,2
com.dsespace.rvwg:titleMarginEnd}</code></td><td></td></tr>,2
com.dsespace.rvwg:listMenuViewStyle}</code></td><td></td></tr>,2
android:baselineAligned,2
android:visibility}</code></td><td></td></tr>,2
MenuView,2
com.dsespace.rvwg.R.attr#searchViewStyle},2
com.dsespace.rvwg:maxButtonHeight,2
com.dsespace.rvwg.R.attr#expandedTitleTextAppearance},2
com.dsespace.rvwg.R.attr#buttonStyle},2
com.dsespace.rvwg.R.attr#hintEnabled},2
com.dsespace.rvwg:tabBackground}</code></td><td></td></tr>,2
android.R.attr#dropDownHorizontalOffset},2
android.R.attr#scaleY},2
android:drawableStart}</code></td><td></td></tr>,2
com.dsespace.rvwg.R.attr#panelMenuListTheme},2
com.dsespace.rvwg:windowNoTitle}</code></td><td></td></tr>,2
com.dsespace.rvwg:tabSelectedTextColor,2
com.dsespace.rvwg:listPreferredItemHeightLarge}</code></td><td></td></tr>,2
com.dsespace.rvwg:indeterminateProgressStyle}</code></td><td></td></tr>,2
com.dsespace.rvwg.R.attr#tabGravity},2
com.dsespace.rvwg.R.attr#actionModeCloseDrawable},2
android:shadowColor}</code></td><td></td></tr>,2
com.dsespace.rvwg:actionBarStyle}</code></td><td></td></tr>,2
com.dsespace.rvwg:measureWithLargestChild,2
com.dsespace.rvwg:useCompatPadding}</code></td><td></td></tr>,2
com.dsespace.rvwg.R.attr#closeItemLayout},2
com.dsespace.rvwg:contentScrim,2
TextAppearance,2
com.dsespace.rvwg:actionOverflowButtonStyle,2
com.dsespace.rvwg.R.attr#searchIcon},2
com.dsespace.rvwg:tabTextAppearance,2
com.dsespace.rvwg.R.attr#collapsedTitleGravity},2
com.dsespace.rvwg:buttonBarButtonStyle}</code></td><td></td></tr>,2
com.dsespace.rvwg:queryBackground}</code></td><td></td></tr>,2
com.dsespace.rvwg.R.attr#behavior_hideable},2
android.R.attr#verticalDivider},2
com.dsespace.rvwg:colorPrimaryDark,2
android:layout_marginLeft}</code></td><td></td></tr>,2
each,2
com.dsespace.rvwg:displayOptions}</code></td><td></td></tr>,2
com.dsespace.rvwg.R.attr#textColorAlertDialogListItem},2
com.dsespace.rvwg:dividerHorizontal,2
com.dsespace.rvwg.R.attr#track},2
com.dsespace.rvwg:expandedTitleGravity,2
com.dsespace.rvwg.R.attr#textColorError},2
com.dsespace.rvwg:hintAnimationEnabled}</code></td><td></td></tr>,2
com.dsespace.rvwg:hintAnimationEnabled,2
com.dsespace.rvwg:singleChoiceItemLayout,2
BottomSheetBehavior_Layout,2
com.dsespace.rvwg.R.attr#windowFixedWidthMinor},2
com.dsespace.rvwg.R.attr#layout_keyline},2
up,2
com.dsespace.rvwg:arrowHeadLength,2
com.dsespace.rvwg:windowActionBar}</code></td><td></td></tr>,2
com.dsespace.rvwg:textAppearanceSmallPopupMenu,2
com.dsespace.rvwg:actionViewClass}</code></td><td></td></tr>,2
android.R.attr#layout_marginLeft},2
com.dsespace.rvwg:navigationContentDescription}</code></td><td></td></tr>,2
com.dsespace.rvwg.R.attr#paddingStart},2
com.dsespace.rvwg:errorEnabled,2
com.dsespace.rvwg:icon}</code></td><td></td></tr>,2
com.dsespace.rvwg:actionModeCopyDrawable,2
android:textOn}</code></td><td></td></tr>,2
<a,2
com.dsespace.rvwg.R.attr#contentScrim},2
com.dsespace.rvwg:useCompatPadding,2
com.dsespace.rvwg:actionModeCloseDrawable}</code></td><td></td></tr>,2
com.dsespace.rvwg.R.attr#colorAccent},2
com.dsespace.rvwg.R.attr#collapsedTitleTextAppearance},2
android.R.attr#shadowRadius},2
com.dsespace.rvwg.R.attr#colorPrimary},2
com.dsespace.rvwg:homeLayout}</code></td><td></td></tr>,2
com.dsespace.rvwg:drawableSize,2
android.R.attr#rotationY},2
com.dsespace.rvwg:tabSelectedTextColor}</code></td><td></td></tr>,2
com.dsespace.rvwg:textColorAlertDialogListItem}</code></td><td></td></tr>,2
com.dsespace.rvwg.R.attr#expandedTitleMarginStart},2
com.dsespace.rvwg:state_collapsed}</code></td><td></td></tr>,2
com.dsespace.rvwg:submitBackground}</code></td><td></td></tr>,2
com.dsespace.rvwg.R.attr#titleMarginTop},2
com.dsespace.rvwg.R.attr#initialActivityCount},2
com.dsespace.rvwg.R.attr#listChoiceBackgroundIndicator},2
com.dsespace.rvwg.R.attr#passwordToggleTint},2
com.dsespace.rvwg:tickMarkTint}</code></td><td></td></tr>,2
com.dsespace.rvwg.R.attr#listMenuViewStyle},2
android:src,2
com.dsespace.rvwg.R.attr#expandedTitleMarginEnd},2
com.dsespace.rvwg:alpha}</code></td><td></td></tr>,2
android:checked}</code></td><td></td></tr>,2
com.dsespace.rvwg:windowMinWidthMajor,2
com.dsespace.rvwg:textAppearancePopupMenuHeader,2
FloatingActionButton,2
com.dsespace.rvwg:textColorSearchUrl}</code></td><td></td></tr>,2
com.dsespace.rvwg.R.attr#textColorSearchUrl},2
com.dsespace.rvwg:actionBarTabTextStyle}</code></td><td></td></tr>,2
ViewStubCompat,2
com.dsespace.rvwg:listItemLayout,2
com.dsespace.rvwg.R.attr#radioButtonStyle},2
android:popupAnimationStyle}</code></td><td></td></tr>,2
com.dsespace.rvwg:dividerVertical,2
com.dsespace.rvwg.R.attr#windowActionModeOverlay},2
com.dsespace.rvwg:titleMargin}</code></td><td></td></tr>,2
com.dsespace.rvwg:actionModeSplitBackground,2
com.dsespace.rvwg:alpha,2
android:shadowDy}</code></td><td></td></tr>,2
com.dsespace.rvwg:barLength,2
com.dsespace.rvwg.R.attr#actionProviderClass},2
com.dsespace.rvwg.R.attr#customNavigationLayout},2
com.dsespace.rvwg:thumbTintMode}</code></td><td></td></tr>,2
com.dsespace.rvwg:titleTextAppearance}</code></td><td></td></tr>,2
com.dsespace.rvwg:statusBarBackground}</code></td><td></td></tr>,2
com.dsespace.rvwg:searchHintIcon,2
com.dsespace.rvwg.R.attr#editTextStyle},2
android:rotationX}</code></td><td></td></tr>,2
com.dsespace.rvwg:titleMarginBottom}</code></td><td></td></tr>,2
android:translationX}</code></td><td></td></tr>,2
com.dsespace.rvwg:expandedTitleMargin}</code></td><td></td></tr>,2
com.dsespace.rvwg.R.attr#windowMinWidthMinor},2
com.dsespace.rvwg:buttonBarStyle,2
#FloatingActionButton_Behavior_Layout},2
com.dsespace.rvwg.R.attr#preserveIconSpacing},2
com.dsespace.rvwg.R.attr#commitIcon},2
com.dsespace.rvwg:alertDialogButtonGroupStyle}</code></td><td></td></tr>,2
com.dsespace.rvwg:reverseLayout}</code></td><td></td></tr>,2
android:imeOptions}</code></td><td></td></tr>,2
com.dsespace.rvwg.R.attr#passwordToggleDrawable},2
com.dsespace.rvwg.R.attr#checkboxStyle},2
com.dsespace.rvwg:listChoiceBackgroundIndicator,2
com.dsespace.rvwg.R.attr#selectableItemBackground},2
com.dsespace.rvwg:layout_anchorGravity,2
com.dsespace.rvwg:editTextBackground,2
android:windowIsFloating}</code></td><td></td></tr>,2
com.dsespace.rvwg:titleMarginTop,2
com.dsespace.rvwg:dividerHorizontal}</code></td><td></td></tr>,2
android:text}</code></td><td></td></tr>,2
com.dsespace.rvwg:tabContentStart,2
com.dsespace.rvwg:colorButtonNormal}</code></td><td></td></tr>,2
com.dsespace.rvwg:popupWindowStyle,2
com.dsespace.rvwg:titleMarginEnd,2
com.dsespace.rvwg.R.attr#dividerPadding},2
android:imeOptions,2
com.dsespace.rvwg:buttonTint}</code></td><td></td></tr>,2
com.dsespace.rvwg.R.attr#alertDialogCenterButtons},2
com.dsespace.rvwg:actionBarSplitStyle}</code></td><td></td></tr>,2
com.dsespace.rvwg:expandActivityOverflowButtonDrawable,2
android:checkable}</code></td><td></td></tr>,2
com.dsespace.rvwg.R.attr#navigationMode},2
com.dsespace.rvwg:listPreferredItemPaddingLeft,2
\test,\,2
com.dsespace.rvwg.R.attr#tabIndicatorHeight},2
com.dsespace.rvwg.R.attr#voiceIcon},2
com.dsespace.rvwg:layout_collapseMode,2
com.dsespace.rvwg.R.attr#singleChoiceItemLayout},2
CoordinatorLayout,2
com.dsespace.rvwg:collapseContentDescription,2
com.dsespace.rvwg:counterOverflowTextAppearance,2
com.dsespace.rvwg:dropdownListPreferredItemHeight}</code></td><td></td></tr>,2
ActionBar,2
com.dsespace.rvwg.R.attr#tickMarkTint},2
android:verticalDivider}</code></td><td></td></tr>,2
com.dsespace.rvwg:behavior_hideable,2
com.dsespace.rvwg.R.attr#actionModeSelectAllDrawable},2
com.dsespace.rvwg:listLayout}</code></td><td></td></tr>,2
android:entries}</code></td><td></td></tr>,2
com.dsespace.rvwg:listItemLayout}</code></td><td></td></tr>,2
com.dsespace.rvwg:suggestionRowLayout}</code></td><td></td></tr>,2
com.dsespace.rvwg:buttonPanelSideLayout}</code></td><td></td></tr>,2
android:textColorHint}</code></td><td></td></tr>,2
android.R.attr#entries},2
com.dsespace.rvwg:dialogTheme,2
android.R.attr#translationX},2
android:rotationY}</code></td><td></td></tr>,2
com.dsespace.rvwg:tabMaxWidth}</code></td><td></td></tr>,2
com.dsespace.rvwg.R.attr#listPreferredItemHeight},2
com.dsespace.rvwg.R.attr#imageButtonStyle},2
com.dsespace.rvwg.R.attr#windowNoTitle},2
com.dsespace.rvwg.R.attr#expandedTitleMarginBottom},2
com.dsespace.rvwg.R.attr#listPreferredItemPaddingRight},2
com.dsespace.rvwg.R.attr#toolbarId},2
com.dsespace.rvwg.R.attr#spanCount},2
com.dsespace.rvwg:actionBarPopupTheme}</code></td><td></td></tr>,2
com.dsespace.rvwg:dropDownListViewStyle,2
com.dsespace.rvwg:drawableSize}</code></td><td></td></tr>,2
com.dsespace.rvwg:buttonTintMode}</code></td><td></td></tr>,2
com.dsespace.rvwg:actionModeCloseButtonStyle,2
com.dsespace.rvwg:goIcon}</code></td><td></td></tr>,2
#ButtonBarLayout},2
RecyclerView,2
com.dsespace.rvwg:ratingBarStyleSmall}</code></td><td></td></tr>,2
com.dsespace.rvwg:buttonGravity,2
com.dsespace.rvwg:panelMenuListWidth,2
android:elevation}</code></td><td></td></tr>,2
com.dsespace.rvwg.R.attr#searchHintIcon},2
com.dsespace.rvwg:imageButtonStyle}</code></td><td></td></tr>,2
com.dsespace.rvwg:preserveIconSpacing,2
com.dsespace.rvwg:hideOnContentScroll}</code></td><td></td></tr>,2
com.dsespace.rvwg:backgroundStacked}</code></td><td></td></tr>,2
com.dsespace.rvwg.R.attr#layout_anchorGravity},2
com.dsespace.rvwg.R.attr#popupMenuStyle},2
android:itemTextAppearance}</code></td><td></td></tr>,2
com.dsespace.rvwg:counterMaxLength,2
com.dsespace.rvwg:textColorAlertDialogListItem,2
com.dsespace.rvwg:tabMinWidth}</code></td><td></td></tr>,2
com.dsespace.rvwg:titleEnabled}</code></td><td></td></tr>,2
com.dsespace.rvwg.R.attr#selectableItemBackgroundBorderless},2
android.R.attr#shadowDx},2
com.dsespace.rvwg.R.attr#colorControlActivated},2
android:prompt,2
com.dsespace.rvwg:buttonBarNegativeButtonStyle}</code></td><td></td></tr>,2
android:textSize}</code></td><td></td></tr>,2
com.dsespace.rvwg:buttonBarNeutralButtonStyle,2
com.dsespace.rvwg:itemBackground,2
com.dsespace.rvwg:actionModePasteDrawable}</code></td><td></td></tr>,2
com.dsespace.rvwg:actionModeStyle}</code></td><td></td></tr>,2
android:shadowDy,2
com.dsespace.rvwg:windowFixedHeightMinor}</code></td><td></td></tr>,2
android:textColorHint,2
android:title}</code></td><td></td></tr>,2
com.dsespace.rvwg:navigationIcon}</code></td><td></td></tr>,2
com.dsespace.rvwg:actionModeCloseDrawable,2
com.dsespace.rvwg:logoDescription}</code></td><td></td></tr>,2
com.dsespace.rvwg:actionBarSplitStyle,2
android:textSize,2
com.dsespace.rvwg:passwordToggleTintMode,2
android:layout_marginEnd}</code></td><td></td></tr>,2
android.R.attr#layout_weight},2
com.dsespace.rvwg:searchIcon,2
com.dsespace.rvwg:editTextBackground}</code></td><td></td></tr>,2
com.dsespace.rvwg:layout_scrollInterpolator}</code></td><td></td></tr>,2
com.dsespace.rvwg:listPreferredItemHeightSmall}</code></td><td></td></tr>,2
com.dsespace.rvwg.R.attr#tabContentStart},2
android.R.attr#scaleX},2
android.R.attr#textOff},2
com.dsespace.rvwg:progressBarPadding}</code></td><td></td></tr>,2
com.dsespace.rvwg:thumbTextPadding}</code></td><td></td></tr>,2
com.dsespace.rvwg.R.attr#textAppearanceLargePopupMenu},2
android:alphabeticShortcut}</code></td><td></td></tr>,2
com.dsespace.rvwg:thumbTint}</code></td><td></td></tr>,2
android:inputType,2
android:hint}</code></td><td></td></tr>,2
com.dsespace.rvwg.R.attr#actionModeCopyDrawable},2
com.dsespace.rvwg:textAppearanceListItemSmall,2
android:fitsSystemWindows,2
com.dsespace.rvwg:layout_collapseMode}</code></td><td></td></tr>,2
com.dsespace.rvwg:layout_behavior}</code></td><td></td></tr>,2
com.dsespace.rvwg:tabPaddingEnd,2
com.dsespace.rvwg:layout_collapseParallaxMultiplier,2
com.dsespace.rvwg.R.attr#actionModeBackground},2
Spinner,2
com.dsespace.rvwg:commitIcon,2
com.dsespace.rvwg:counterEnabled,2
com.dsespace.rvwg:colorControlActivated,2
com.dsespace.rvwg.R.attr#tabBackground},2
AppBarLayout,2
com.dsespace.rvwg:hideOnContentScroll,2
com.dsespace.rvwg:behavior_skipCollapsed,2
com.dsespace.rvwg:actionMenuTextColor,2
com.dsespace.rvwg:keylines}</code></td><td></td></tr>,2
android:textOn,2
android.R.attr#layout_marginBottom},2
com.dsespace.rvwg.R.attr#scrimVisibleHeightTrigger},2
com.dsespace.rvwg:navigationMode}</code></td><td></td></tr>,2
com.dsespace.rvwg.R.attr#bottomSheetDialogTheme},2
com.dsespace.rvwg:selectableItemBackground,2
com.dsespace.rvwg.R.attr#editTextColor},2
com.dsespace.rvwg.R.attr#tickMark},2
com.dsespace.rvwg:colorPrimary,2
com.dsespace.rvwg:expanded}</code></td><td></td></tr>,2
clicks,2
com.dsespace.rvwg:expandedTitleTextAppearance,2
com.dsespace.rvwg:buttonBarPositiveButtonStyle}</code></td><td></td></tr>,2
com.dsespace.rvwg:layout_insetEdge,2
com.dsespace.rvwg:alertDialogCenterButtons,2
com.dsespace.rvwg:layout_keyline}</code></td><td></td></tr>,2
com.dsespace.rvwg:splitTrack,2
android.R.attr#baselineAligned},2
com.dsespace.rvwg:windowFixedHeightMajor,2
com.dsespace.rvwg:switchStyle,2
com.dsespace.rvwg:buttonStyleSmall,2
com.dsespace.rvwg.R.attr#expandedTitleMarginTop},2
com.dsespace.rvwg:actionModePopupWindowStyle}</code></td><td></td></tr>,2
android:layout_marginLeft,2
android:textOff}</code></td><td></td></tr>,2
android.R.attr#dropDownVerticalOffset},2
com.dsespace.rvwg:srcCompat,2
android:shadowColor,2
com.dsespace.rvwg:preserveIconSpacing}</code></td><td></td></tr>,2
com.dsespace.rvwg:popupMenuStyle}</code></td><td></td></tr>,2
com.dsespace.rvwg:errorTextAppearance}</code></td><td></td></tr>,2
com.dsespace.rvwg:switchMinWidth,2
android:dropDownHorizontalOffset,2
Toolbar,2
com.dsespace.rvwg.R.attr#trackTintMode},2
com.dsespace.rvwg.R.attr#windowActionBar},2
com.dsespace.rvwg:colorPrimary}</code></td><td></td></tr>,2
AppBarLayoutStates,2
com.dsespace.rvwg:switchTextAppearance,2
com.dsespace.rvwg.R.attr#windowActionBarOverlay},2
com.dsespace.rvwg:foregroundInsidePadding}</code></td><td></td></tr>,2
com.dsespace.rvwg.R.attr#behavior_peekHeight},2
android.R.attr#shadowColor},2
com.dsespace.rvwg:editTextStyle,2
com.dsespace.rvwg:actionDropDownStyle}</code></td><td></td></tr>,2
AppCompatImageView,2
android.R.attr#maxHeight},2
com.dsespace.rvwg.R.attr#showDividers},2
com.dsespace.rvwg:windowActionBar,2
com.dsespace.rvwg:itemIconTint,2
com.dsespace.rvwg.R.attr#expanded},2
com.dsespace.rvwg.R.attr#listPopupWindowStyle},2
com.dsespace.rvwg.R.attr#buttonBarNegativeButtonStyle},2
android:theme,2
com.dsespace.rvwg:barLength}</code></td><td></td></tr>,2
com.dsespace.rvwg:colorPrimaryDark}</code></td><td></td></tr>,2
com.dsespace.rvwg:collapseIcon,2
com.dsespace.rvwg:paddingStart,2
com.dsespace.rvwg:editTextStyle}</code></td><td></td></tr>,2
com.dsespace.rvwg:headerLayout,2
com.dsespace.rvwg:expandedTitleMarginEnd}</code></td><td></td></tr>,2
com.dsespace.rvwg:actionBarItemBackground}</code></td><td></td></tr>,2
#ScrimInsetsFrameLayout},2
com.dsespace.rvwg:actionModeStyle,2
com.dsespace.rvwg:passwordToggleTint,2
android.R.attr#headerBackground},2
com.dsespace.rvwg.R.attr#actionModePasteDrawable},2
com.dsespace.rvwg.R.attr#buttonBarNeutralButtonStyle},2
com.dsespace.rvwg.R.attr#gapBetweenBars},2
com.dsespace.rvwg.R.attr#spinBars},2
android:scaleY}</code></td><td></td></tr>,2
com.dsespace.rvwg:subMenuArrow}</code></td><td></td></tr>,2
com.dsespace.rvwg.R.attr#dialogPreferredPadding},2
android:layout_weight}</code></td><td></td></tr>,2
com.dsespace.rvwg:popupMenuStyle,2
com.dsespace.rvwg:spinnerDropDownItemStyle}</code></td><td></td></tr>,2
com.dsespace.rvwg:submitBackground,2
android.R.attr#drawableLeft},2
android:checkable,2
android.R.attr#windowIsFloating},2
android.R.attr#titleCondensed},2
com.dsespace.rvwg.R.attr#showAsAction},2
FloatingActionButton_Behavior_Layout,2
ForegroundLinearLayout,2
#ActionMenuItemView},2
com.dsespace.rvwg:buttonBarPositiveButtonStyle,2
com.dsespace.rvwg.R.attr#buttonBarStyle},2
com.dsespace.rvwg:actionOverflowButtonStyle}</code></td><td></td></tr>,2
com.dsespace.rvwg.R.attr#textAppearanceListItemSmall},2
android.R.attr#horizontalDivider},2
com.dsespace.rvwg:subtitleTextColor,2
com.dsespace.rvwg.R.attr#tabPaddingStart},2
com.dsespace.rvwg:paddingEnd}</code></td><td></td></tr>,2
com.dsespace.rvwg:toolbarId}</code></td><td></td></tr>,2
com.dsespace.rvwg:tabPaddingEnd}</code></td><td></td></tr>,2
android.R.attr#layout_marginStart},2
com.dsespace.rvwg:behavior_peekHeight,2
android:titleCondensed}</code></td><td></td></tr>,2
com.dsespace.rvwg.R.attr#borderlessButtonStyle},2
com.dsespace.rvwg:ratingBarStyleIndicator,2
com.dsespace.rvwg:textAppearanceSearchResultSubtitle}</code></td><td></td></tr>,2
com.dsespace.rvwg:spinnerDropDownItemStyle,2
com.dsespace.rvwg.R.attr#color},2
com.dsespace.rvwg.R.attr#listPreferredItemHeightSmall},2
com.dsespace.rvwg:panelBackground}</code></td><td></td></tr>,2
android:baselineAlignedChildIndex,2
com.dsespace.rvwg.R.attr#buttonBarButtonStyle},2
com.dsespace.rvwg:subMenuArrow,2
com.dsespace.rvwg.R.attr#windowFixedHeightMajor},2
com.dsespace.rvwg.R.attr#passwordToggleTintMode},2
android:drawableEnd}</code></td><td></td></tr>,2
com.dsespace.rvwg:windowFixedHeightMinor,2
com.dsespace.rvwg.R.attr#expandActivityOverflowButtonDrawable},2
com.dsespace.rvwg.R.attr#actionBarItemBackground},2
com.dsespace.rvwg.R.attr#actionBarSize},2
android:foregroundGravity}</code></td><td></td></tr>,2
com.dsespace.rvwg:queryHint}</code></td><td></td></tr>,2
com.dsespace.rvwg:titleMargin,2
com.dsespace.rvwg.R.attr#constraintSet},2
com.dsespace.rvwg.R.attr#tabMaxWidth},2
com.dsespace.rvwg:titleTextAppearance,2
android.R.attr#textStyle},2
com.dsespace.rvwg:controlBackground}</code></td><td></td></tr>,2
com.dsespace.rvwg:actionButtonStyle}</code></td><td></td></tr>,2
com.dsespace.rvwg:actionBarTabBarStyle,2
com.dsespace.rvwg:showText,2
com.dsespace.rvwg:listDividerAlertDialog,2
android:translationZ}</code></td><td></td></tr>,2
com.dsespace.rvwg:bottomSheetDialogTheme}</code></td><td></td></tr>,2
android:layout_marginRight,2
com.dsespace.rvwg:textAppearanceSearchResultTitle}</code></td><td></td></tr>,2
memory,2
com.dsespace.rvwg:dividerPadding}</code></td><td></td></tr>,2
android:layout_marginStart}</code></td><td></td></tr>,2
CoordinatorLayout_Layout,2
com.dsespace.rvwg:tabContentStart}</code></td><td></td></tr>,2
com.dsespace.rvwg.R.attr#actionBarSplitStyle},2
android.R.attr#checkable},2
com.dsespace.rvwg:listMenuViewStyle,2
com.dsespace.rvwg:actionModeSelectAllDrawable,2
com.dsespace.rvwg:voiceIcon,2
com.dsespace.rvwg:borderlessButtonStyle}</code></td><td></td></tr>,2
TabLayout,2
android.R.attr#layout_marginTop},2
com.dsespace.rvwg.R.attr#textAppearanceSearchResultSubtitle},2
android:horizontalDivider,2
SnackbarLayout,2
com.dsespace.rvwg:state_above_anchor,2
com.dsespace.rvwg:state_collapsible}</code></td><td></td></tr>,2
android:drawableLeft,2
com.dsespace.rvwg.R.attr#trackTint},2
com.dsespace.rvwg:closeItemLayout}</code></td><td></td></tr>,2
android.R.attr#shadowDy},2
com.dsespace.rvwg:spanCount}</code></td><td></td></tr>,2
com.dsespace.rvwg:tabMode}</code></td><td></td></tr>,2
com.dsespace.rvwg:colorControlNormal}</code></td><td></td></tr>,2
android.R.attr#textSize},2
com.dsespace.rvwg:checkboxStyle,2
com.dsespace.rvwg:panelMenuListTheme,2
com.dsespace.rvwg:tickMarkTintMode,2
com.dsespace.rvwg.R.attr#titleEnabled},2
com.dsespace.rvwg:buttonTint,2
com.dsespace.rvwg:textAppearanceListItem}</code></td><td></td></tr>,2
com.dsespace.rvwg:hintEnabled,2
com.dsespace.rvwg:showDividers}</code></td><td></td></tr>,2
com.dsespace.rvwg.R.attr#tabPaddingEnd},2
LinearLayoutCompat_Layout,2
key,2
#LinearConstraintLayout},2
android:checkableBehavior}</code></td><td></td></tr>,2
com.dsespace.rvwg:tabIndicatorColor}</code></td><td></td></tr>,2
android:drawableBottom,2
com.dsespace.rvwg.R.attr#ratingBarStyleSmall},2
android:dropDownHorizontalOffset}</code></td><td></td></tr>,2
android:text,2
android:layout_marginEnd,2
com.dsespace.rvwg.R.attr#alertDialogTheme},2
com.dsespace.rvwg:spanCount,2
com.dsespace.rvwg.R.attr#actionModeSplitBackground},2
com.dsespace.rvwg:passwordToggleDrawable}</code></td><td></td></tr>,2
com.dsespace.rvwg:track}</code></td><td></td></tr>,2
com.dsespace.rvwg.R.attr#layoutManager},2
com.dsespace.rvwg:queryHint,2
com.dsespace.rvwg:scrimVisibleHeightTrigger,2
com.dsespace.rvwg.R.attr#itemIconTint},2
com.dsespace.rvwg.R.attr#buttonGravity},2
ActionMenuView,2
com.dsespace.rvwg:progressBarStyle,2
com.dsespace.rvwg:switchMinWidth}</code></td><td></td></tr>,2
com.dsespace.rvwg.R.attr#titleMarginBottom},2
com.dsespace.rvwg:alertDialogStyle}</code></td><td></td></tr>,2
ColorStateListItem,2
com.dsespace.rvwg:bottomSheetStyle}</code></td><td></td></tr>,2
com.dsespace.rvwg:windowFixedWidthMinor}</code></td><td></td></tr>,2
com.dsespace.rvwg.R.attr#fabSize},2
com.dsespace.rvwg:theme,2
android.R.attr#textColorHint},2
com.dsespace.rvwg.R.attr#keylines},2
com.dsespace.rvwg:arrowShaftLength,2
com.dsespace.rvwg:actionBarWidgetTheme,2
com.dsespace.rvwg:tabIndicatorHeight}</code></td><td></td></tr>,2
com.dsespace.rvwg:textAppearanceLargePopupMenu,2
android:translationY,2
com.dsespace.rvwg.R.attr#actionBarTabTextStyle},2
com.dsespace.rvwg.R.attr#buttonTintMode},2
com.dsespace.rvwg:buttonGravity}</code></td><td></td></tr>,2
android:layout_marginBottom}</code></td><td></td></tr>,2
com.dsespace.rvwg.R.attr#counterMaxLength},2
android.R.attr#imeOptions},2
com.dsespace.rvwg:searchViewStyle,2
com.dsespace.rvwg:listPreferredItemHeight,2
com.dsespace.rvwg.R.attr#maxActionInlineWidth},2
com.dsespace.rvwg:thickness,2
com.dsespace.rvwg.R.attr#pressedTranslationZ},2
android:shadowDx}</code></td><td></td></tr>,2
com.dsespace.rvwg:editTextColor,2
com.dsespace.rvwg:dialogPreferredPadding}</code></td><td></td></tr>,2
ScrimInsetsFrameLayout,2
android:itemBackground,2
android.R.attr#rotationX},2
com.dsespace.rvwg:navigationIcon,2
com.dsespace.rvwg:actionBarTheme,2
com.dsespace.rvwg:expandedTitleTextAppearance}</code></td><td></td></tr>,2
com.dsespace.rvwg:tabPaddingBottom}</code></td><td></td></tr>,2
com.dsespace.rvwg:windowMinWidthMinor,2
CollapsingToolbarLayout,2
android.R.attr#transformPivotY},2
com.dsespace.rvwg:customNavigationLayout}</code></td><td></td></tr>,2
com.dsespace.rvwg.R.attr#splitTrack},2
com.dsespace.rvwg:backgroundStacked,2
android.R.attr#numericShortcut},2
android:scaleY,2
com.dsespace.rvwg:multiChoiceItemLayout,2
SwitchCompat,2
com.dsespace.rvwg:listPreferredItemHeightLarge,2
com.dsespace.rvwg:textAppearanceSmallPopupMenu}</code></td><td></td></tr>,2
com.dsespace.rvwg:behavior_hideable}</code></td><td></td></tr>,2
com.dsespace.rvwg:hintTextAppearance,2
com.dsespace.rvwg.R.attr#actionModeCutDrawable},2
com.dsespace.rvwg:tabPaddingStart}</code></td><td></td></tr>,2
android.R.attr#inputType},2
com.dsespace.rvwg.R.attr#actionLayout},2
com.dsespace.rvwg:actionBarStyle,2
View,2
com.dsespace.rvwg:behavior_peekHeight}</code></td><td></td></tr>,2
com.dsespace.rvwg:layout_insetEdge}</code></td><td></td></tr>,2
com.dsespace.rvwg:alertDialogStyle,2
com.dsespace.rvwg.R.attr#alertDialogButtonGroupStyle},2
com.dsespace.rvwg:tickMark}</code></td><td></td></tr>,2
com.dsespace.rvwg:statusBarScrim,2
com.dsespace.rvwg:keylines,2
com.dsespace.rvwg.R.attr#backgroundStacked},2
com.dsespace.rvwg.R.attr#panelBackground},2
com.dsespace.rvwg:layoutManager,2
com.dsespace.rvwg.R.attr#autoCompleteTextViewStyle},2
com.dsespace.rvwg:expandActivityOverflowButtonDrawable}</code></td><td></td></tr>,2
android:layout_marginBottom,2
com.dsespace.rvwg:allowStacking}</code></td><td></td></tr>,2
com.dsespace.rvwg.R.attr#actionModePopupWindowStyle},2
android.R.attr#transformPivotX},2
com.dsespace.rvwg:searchViewStyle}</code></td><td></td></tr>,2
com.dsespace.rvwg.R.attr#textAppearanceSmallPopupMenu},2
com.dsespace.rvwg:tabPadding,2
android:onClick,2
com.dsespace.rvwg:editTextColor}</code></td><td></td></tr>,2
android:headerBackground,2
android.R.attr#theme},2
com.dsespace.rvwg:bottomSheetStyle,2
com.dsespace.rvwg.R.attr#colorSwitchThumbNormal},2
com.dsespace.rvwg.R.attr#switchPadding},2
com.dsespace.rvwg:tabGravity,2
com.dsespace.rvwg:buttonBarNegativeButtonStyle,2
com.dsespace.rvwg.R.attr#layout_collapseMode},2
com.dsespace.rvwg:spinnerStyle}</code></td><td></td></tr>,2
com.dsespace.rvwg.R.attr#actionViewClass},2
android:elevation,2
android.R.attr#text},2
com.dsespace.rvwg:spinBars,2
com.dsespace.rvwg.R.attr#dividerHorizontal},2
com.dsespace.rvwg:layout_collapseParallaxMultiplier}</code></td><td></td></tr>,2
com.dsespace.rvwg:textAppearanceSearchResultTitle,2
NavigationView,2
com.dsespace.rvwg:actionModeShareDrawable,2
android.R.attr#checked},2
android:translationY}</code></td><td></td></tr>,2
com.dsespace.rvwg:windowActionBarOverlay,2
android:hint,2
com.dsespace.rvwg:expandedTitleMarginBottom}</code></td><td></td></tr>,2
\href="\http://d.android.com/tools/testing"\>Testing\,2
com.dsespace.rvwg:menu,2
use,2
com.dsespace.rvwg.R.attr#tabPaddingBottom},2
com.dsespace.rvwg.R.attr#tabTextColor},2
com.dsespace.rvwg:tabIndicatorHeight,2
com.dsespace.rvwg.R.attr#actionMenuTextAppearance},2
com.dsespace.rvwg:hintTextAppearance}</code></td><td></td></tr>,2
com.dsespace.rvwg:itemTextColor}</code></td><td></td></tr>,2
android.R.attr#drawableRight},2
android:shadowRadius,2
com.dsespace.rvwg:titleMargins,2
com.dsespace.rvwg:actionBarWidgetTheme}</code></td><td></td></tr>,2
android:inflatedId,2
com.dsespace.rvwg:layout_anchor}</code></td><td></td></tr>,2
com.dsespace.rvwg:actionBarTabTextStyle,2
com.dsespace.rvwg.R.attr#rippleColor},2
com.dsespace.rvwg:passwordToggleContentDescription}</code></td><td></td></tr>,2
com.dsespace.rvwg:radioButtonStyle,2
com.dsespace.rvwg.R.attr#errorEnabled},2
android:title,2
com.dsespace.rvwg.R.attr#itemBackground},2
com.dsespace.rvwg:closeItemLayout,2
com.dsespace.rvwg:layout_anchorGravity}</code></td><td></td></tr>,2
com.dsespace.rvwg:actionModeFindDrawable,2
com.dsespace.rvwg:thickness}</code></td><td></td></tr>,2
com.dsespace.rvwg:counterMaxLength}</code></td><td></td></tr>,2
com.dsespace.rvwg.R.attr#layout_insetEdge},2
com.dsespace.rvwg.R.attr#thickness},2
com.dsespace.rvwg:windowMinWidthMinor}</code></td><td></td></tr>,2
com.dsespace.rvwg:passwordToggleTintMode}</code></td><td></td></tr>,2
com.dsespace.rvwg.R.attr#editTextBackground},2
com.dsespace.rvwg.R.attr#layout_behavior},2
com.dsespace.rvwg:listPreferredItemPaddingRight,2
com.dsespace.rvwg:ratingBarStyle,2
com.dsespace.rvwg:homeLayout,2
com.dsespace.rvwg:actionBarDivider}</code></td><td></td></tr>,2
com.dsespace.rvwg:ratingBarStyleSmall,2
com.dsespace.rvwg:suggestionRowLayout,2
com.dsespace.rvwg.R.attr#hintAnimationEnabled},2
com.dsespace.rvwg:goIcon,2
com.dsespace.rvwg.R.attr#thumbTextPadding},2
#ScrollingViewBehavior_Layout},2
ActionMode,2
android:dropDownVerticalOffset}</code></td><td></td></tr>,2
com.dsespace.rvwg:colorControlNormal,2
com.dsespace.rvwg:dropdownListPreferredItemHeight,2
android.R.attr#onClick},2
com.dsespace.rvwg.R.attr#reverseLayout},2
android.R.attr#src},2
com.dsespace.rvwg:paddingStart}</code></td><td></td></tr>,2
com.dsespace.rvwg:layout_dodgeInsetEdges}</code></td><td></td></tr>,2
com.dsespace.rvwg:dialogTheme}</code></td><td></td></tr>,2
android.R.attr#visibility},2
com.dsespace.rvwg.R.attr#dividerVertical},2
com.dsespace.rvwg:windowActionModeOverlay,2
android:rotationX,2
android:baselineAligned}</code></td><td></td></tr>,2
com.dsespace.rvwg:dialogPreferredPadding,2
com.dsespace.rvwg:thumbTint,2
com.dsespace.rvwg:reverseLayout,2
com.dsespace.rvwg:trackTint,2
com.dsespace.rvwg:thumbTintMode,2
android.R.attr#layout_marginEnd},2
com.dsespace.rvwg:titleMargins}</code></td><td></td></tr>,2
DrawerArrowToggle,2
com.dsespace.rvwg.R.attr#checkedTextViewStyle},2
com.dsespace.rvwg.R.attr#buttonBarPositiveButtonStyle},2
android:itemIconDisabledAlpha,2
com.dsespace.rvwg:commitIcon}</code></td><td></td></tr>,2
android:textStyle,2
com.dsespace.rvwg:listPreferredItemHeightSmall,2
com.dsespace.rvwg:actionModeBackground,2
com.dsespace.rvwg:listLayout,2
com.dsespace.rvwg:switchPadding}</code></td><td></td></tr>,2
com.dsespace.rvwg.R.attr#colorControlHighlight},2
android:typeface,2
com.dsespace.rvwg:windowNoTitle,2
com.dsespace.rvwg.R.attr#actionModeCloseButtonStyle},2
android:checked,2
ConstraintSet,2
android:drawableStart,2
com.dsespace.rvwg:selectableItemBackground}</code></td><td></td></tr>,2
com.dsespace.rvwg:showAsAction}</code></td><td></td></tr>,2
com.dsespace.rvwg.R.attr#actionBarTabBarStyle},2
android:foregroundGravity,2
com.dsespace.rvwg:ratingBarStyle}</code></td><td></td></tr>,2
AppCompatTextView,2
com.dsespace.rvwg.R.attr#goIcon},2
com.dsespace.rvwg:constraintSet}</code></td><td></td></tr>,2
android:translationZ,2
android:layout_weight,2
com.dsespace.rvwg.R.attr#alertDialogStyle},2
android.R.attr#translationZ},2
com.dsespace.rvwg:layout_scrollFlags}</code></td><td></td></tr>,2
com.dsespace.rvwg:pressedTranslationZ}</code></td><td></td></tr>,2
com.dsespace.rvwg.R.attr#displayOptions},2
com.dsespace.rvwg:actionProviderClass,2
com.dsespace.rvwg.R.attr#dialogTheme},2
com.dsespace.rvwg:actionMenuTextAppearance,2
com.dsespace.rvwg:expanded,2
android:horizontalDivider}</code></td><td></td></tr>,2
com.dsespace.rvwg:actionBarSize,2
com.dsespace.rvwg:multiChoiceItemLayout}</code></td><td></td></tr>,2
com.dsespace.rvwg:subtitleTextColor}</code></td><td></td></tr>,2
com.dsespace.rvwg.R.attr#suggestionRowLayout},2
com.dsespace.rvwg:behavior_autoHide,2
CollapsingToolbarLayout_Layout,2
com.dsespace.rvwg:colorControlHighlight}</code></td><td></td></tr>,2
com.dsespace.rvwg:paddingEnd,2
android:descendantFocusability,2
com.dsespace.rvwg:tabMode,2
com.dsespace.rvwg.R.attr#titleMargin},2
com.dsespace.rvwg.R.attr#thumbTint},2
com.dsespace.rvwg:checkedTextViewStyle}</code></td><td></td></tr>,2
com.dsespace.rvwg:popupWindowStyle}</code></td><td></td></tr>,2
com.dsespace.rvwg:expandedTitleMargin,2
com.dsespace.rvwg:buttonStyle,2
A,2
com.dsespace.rvwg.R.attr#activityChooserViewStyle},2
com.dsespace.rvwg:actionModePasteDrawable,2
com.dsespace.rvwg:closeIcon,2
android:drawableRight}</code></td><td></td></tr>,2
com.dsespace.rvwg:expandedTitleMarginStart}</code></td><td></td></tr>,2
android.R.attr#baselineAlignedChildIndex},2
com.dsespace.rvwg:toolbarStyle,2
com.dsespace.rvwg:tickMarkTintMode}</code></td><td></td></tr>,2
com.dsespace.rvwg:maxActionInlineWidth,2
com.dsespace.rvwg.R.attr#actionButtonStyle},2
com.dsespace.rvwg:seekBarStyle}</code></td><td></td></tr>,2
com.dsespace.rvwg:actionDropDownStyle,2
android:transformPivotX,2
com.dsespace.rvwg:checkedTextViewStyle,2
com.dsespace.rvwg:pressedTranslationZ,2
android.R.attr#popupAnimationStyle},2
com.dsespace.rvwg:titleMarginStart,2
com.dsespace.rvwg:tabPaddingStart,2
com.dsespace.rvwg:arrowShaftLength}</code></td><td></td></tr>,2
android:weightSum,2
com.dsespace.rvwg:passwordToggleTint}</code></td><td></td></tr>,2
com.dsespace.rvwg:imageButtonStyle,2
com.dsespace.rvwg:foregroundInsidePadding,2
com.dsespace.rvwg:overlapAnchor}</code></td><td></td></tr>,2
com.dsespace.rvwg:subtitleTextAppearance,2
com.dsespace.rvwg:borderlessButtonStyle,2
com.dsespace.rvwg:icon,2
android.R.attr#textOn},2
android.R.attr#alphabeticShortcut},2
com.dsespace.rvwg.R.attr#actionModeStyle},2
com.dsespace.rvwg.R.attr#titleMarginStart},2
SearchView,2
com.dsespace.rvwg:expandedTitleGravity}</code></td><td></td></tr>,2
com.dsespace.rvwg:textAppearanceLargePopupMenu}</code></td><td></td></tr>,2
android:translationX,2
android:scaleX,2
com.dsespace.rvwg.R.attr#windowFixedHeightMinor},2
com.dsespace.rvwg.R.attr#bottomSheetStyle},2
com.dsespace.rvwg:colorControlHighlight,2
com.dsespace.rvwg.R.attr#tabSelectedTextColor},2
com.dsespace.rvwg.R.attr#colorButtonNormal},2
com.dsespace.rvwg:actionBarItemBackground,2
com.dsespace.rvwg:textAppearancePopupMenuHeader}</code></td><td></td></tr>,2
com.dsespace.rvwg:layout_scrollInterpolator,2
com.dsespace.rvwg.R.attr#thumbTintMode},2
android:dropDownWidth}</code></td><td></td></tr>,2
android:dropDownWidth,2
com.dsespace.rvwg.R.attr#hideOnContentScroll},2
com.dsespace.rvwg:borderWidth,2
com.dsespace.rvwg.R.attr#overlapAnchor},2
com.dsespace.rvwg:arrowHeadLength}</code></td><td></td></tr>,2
android:baselineAlignedChildIndex}</code></td><td></td></tr>,2
com.dsespace.rvwg.R.attr#itemTextAppearance},2
com.dsespace.rvwg:voiceIcon}</code></td><td></td></tr>,2
com.dsespace.rvwg:defaultQueryHint}</code></td><td></td></tr>,2
com.dsespace.rvwg:counterTextAppearance,2
com.dsespace.rvwg.R.attr#layout},2
com.dsespace.rvwg:colorControlActivated}</code></td><td></td></tr>,2
com.dsespace.rvwg:tickMark,2
com.dsespace.rvwg:textColorError,2
ActionBarLayout,2
android:prompt}</code></td><td></td></tr>,2
com.dsespace.rvwg:navigationMode,2
com.dsespace.rvwg.R.attr#counterTextAppearance},2
com.dsespace.rvwg:statusBarScrim}</code></td><td></td></tr>,2
com.dsespace.rvwg:panelMenuListWidth}</code></td><td></td></tr>,2
com.dsespace.rvwg:actionOverflowMenuStyle,2
android:textColor}</code></td><td></td></tr>,2
android.R.attr#itemBackground},2
com.dsespace.rvwg:titleMarginStart}</code></td><td></td></tr>,2
com.dsespace.rvwg.R.attr#submitBackground},2
com.dsespace.rvwg:dropDownListViewStyle}</code></td><td></td></tr>,2
com.dsespace.rvwg:actionBarDivider,2
com.dsespace.rvwg:layout_behavior,2
com.dsespace.rvwg.R.attr#listLayout},2
com.dsespace.rvwg.R.attr#listDividerAlertDialog},2
com.dsespace.rvwg.R.attr#listItemLayout},2
com.dsespace.rvwg:actionModeBackground}</code></td><td></td></tr>,2
com.dsespace.rvwg:listPopupWindowStyle}</code></td><td></td></tr>,2
com.dsespace.rvwg.R.attr#actionOverflowMenuStyle},2
com.dsespace.rvwg.R.attr#passwordToggleContentDescription},2
#ActionBarLayout},2
com.dsespace.rvwg.R.attr#seekBarStyle},2
android:numericShortcut}</code></td><td></td></tr>,2
PopupWindow,2
android:headerBackground}</code></td><td></td></tr>,2
com.dsespace.rvwg:gapBetweenBars}</code></td><td></td></tr>,2
com.dsespace.rvwg.R.attr#layout_dodgeInsetEdges},2
com.dsespace.rvwg:buttonBarNeutralButtonStyle}</code></td><td></td></tr>,2
com.dsespace.rvwg:itemTextColor,2
com.dsespace.rvwg:splitTrack}</code></td><td></td></tr>,2
android:onClick}</code></td><td></td></tr>,2
com.dsespace.rvwg:buttonStyleSmall}</code></td><td></td></tr>,2
com.dsespace.rvwg.R.attr#buttonStyleSmall},2
com.dsespace.rvwg.R.attr#layout_anchor},2
com.dsespace.rvwg:buttonBarButtonStyle,2
com.dsespace.rvwg:buttonTintMode,2
com.dsespace.rvwg:rippleColor,2
CompoundButton,2
com.dsespace.rvwg:passwordToggleEnabled}</code></td><td></td></tr>,2
com.dsespace.rvwg.R.attr#layout_scrollInterpolator},2
com.dsespace.rvwg:behavior_overlapTop}</code></td><td></td></tr>,2
com.dsespace.rvwg.R.attr#theme},2
com.dsespace.rvwg:scrimAnimationDuration,2
com.dsespace.rvwg:gapBetweenBars,2
android:textOff,2
com.dsespace.rvwg:actionModeSplitBackground}</code></td><td></td></tr>,2
com.dsespace.rvwg:actionProviderClass}</code></td><td></td></tr>,2
android.R.attr#prompt},2
com.dsespace.rvwg:alertDialogButtonGroupStyle,2
com.dsespace.rvwg:actionBarTabBarStyle}</code></td><td></td></tr>,2
com.dsespace.rvwg.R.attr#textAppearanceListItem},2
android:descendantFocusability}</code></td><td></td></tr>,2
android:itemBackground}</code></td><td></td></tr>,2
com.dsespace.rvwg.R.attr#progressBarStyle},2
android:button}</code></td><td></td></tr>,2
com.dsespace.rvwg:rippleColor}</code></td><td></td></tr>,2
android:foreground}</code></td><td></td></tr>,2
ViewBackgroundHelper,2
com.dsespace.rvwg:scrimVisibleHeightTrigger}</code></td><td></td></tr>,2
com.dsespace.rvwg.R.attr#switchMinWidth},2
com.dsespace.rvwg:buttonStyle}</code></td><td></td></tr>,2
com.dsespace.rvwg.R.attr#arrowShaftLength},2
com.dsespace.rvwg:tabGravity}</code></td><td></td></tr>,2
AppCompatSeekBar,2
com.dsespace.rvwg.R.attr#actionBarStyle},2
com.dsespace.rvwg:itemTextAppearance,2
com.dsespace.rvwg.R.attr#icon},2
com.dsespace.rvwg.R.attr#state_collapsed},2
com.dsespace.rvwg:tabTextColor}</code></td><td></td></tr>,2
com.dsespace.rvwg:tickMarkTint,2
android:layout_marginRight}</code></td><td></td></tr>,2
android:visibility,2
com.dsespace.rvwg:maxActionInlineWidth}</code></td><td></td></tr>,2
android:itemIconDisabledAlpha}</code></td><td></td></tr>,2
com.dsespace.rvwg.R.attr#colorBackgroundFloating},2
TabItem,2
there's,2
com.dsespace.rvwg.R.attr#behavior_overlapTop},2
com.dsespace.rvwg:layout_optimizationLevel,2
com.dsespace.rvwg:layoutManager}</code></td><td></td></tr>,2
com.dsespace.rvwg:errorTextAppearance,2
com.dsespace.rvwg:fabSize,2
com.dsespace.rvwg.R.attr#tabPadding},2
com.dsespace.rvwg.R.attr#homeLayout},2
com.dsespace.rvwg:queryBackground,2
android.R.attr#fitsSystemWindows},2
com.dsespace.rvwg.R.attr#listPreferredItemPaddingLeft},2
com.dsespace.rvwg:trackTintMode}</code></td><td></td></tr>,2
com.dsespace.rvwg:colorButtonNormal,2
com.dsespace.rvwg:collapsedTitleGravity,2
com.dsespace.rvwg:colorAccent,2
com.dsespace.rvwg.R.attr#maxButtonHeight},2
com.dsespace.rvwg.R.attr#actionMenuTextColor},2
DesignTheme,2
com.dsespace.rvwg.R.attr#switchTextAppearance},2
com.dsespace.rvwg:behavior_overlapTop,2
android.R.attr#itemIconDisabledAlpha},2
com.dsespace.rvwg.R.attr#closeIcon},2
android:textColor,2
com.dsespace.rvwg.R.attr#defaultQueryHint},2
android:theme}</code></td><td></td></tr>,2
android.R.attr#button},2
ViewPager},1
returns,1
menu;,1
(probably,1
google,1
instance,1
here,1
keep,1
corresponding,1
long,1
event,1
representing,1
so,1
android.support.v4.app.FragmentStatePagerAdapter},1
switch,1
item,1
test,1
Context,1
you,1
\history,\,1
view,1
placeholder,1
becomes,1
Handle,1
activity),1
primary,1
\intensive,\,1
items,1
\button,\,1
Home/Up,1
sections/tabs/pages,1
android.support.v4.view.PagerAdapter},1
\derivative,\,1
ViewPager,1
noinspection,1
exit,1
syntax,1
too,1
and,1
provide,1
new,1
needed,1
original,1
web,1
Instrumentation,1
three,1
host,1
pages,1
contents,1
loaded,1
crashing,1
Show,1
bubble,1
page,1
edited,1
Android,1
specify,1
argument,1
no,1
Check,1
We,1
given,1
device,1
local,1
Inflate,1
adds,1
wasn't,1
killing,1
(host),1
best,1
development,1
whole,1
behavior,1
Returns,1
button,1
total,1
simple,1
Create,1
Example,1
every,1
3,1
Set,1
present,1
app,1
rvwg_home.setWebViewClient(new,1
AndroidManifest.xml,1
SimplifiableIfStatement,1
enable,1
history,1
fragments,1
default,1
under,1
system,1
machine,1
handle,1
